,score,text,,,,,,,,,,,,,,,,,,,
1,1,"RT @NoOora1414: #гАтзх_Мящж_чМгоЕ_гАЦягЕ_4
ЦД сЦм ААшях МйъАЦФД зАЛ АсгД ъА гЦяци сзФоМи ©!
ДмД ътзх сзФоМ Аг ДяМо гАчМгои ФАсДг хмгли АЕг┘",,,,,,,,,,,,,,,,,,,
2,1,RT @ahmedalwadai1: ЦД мч гАЦяци гАсзФоМи гД йсйхоА януи гАчМгои гАйМ муАй зАМЕг ЦД гСМ оФАи нАМлМи гАЛ януи сзФоМи ФМтЦА гМжг оФА гняЛ гАйМ┘,,,,,,,,,,,,,,,,,,,
3,-2,@siii_sosa @s_hddu11 @rrzzrrzz00 гДйМ ЦФ сзФоМЕ цФАПг &gt; хАг щйД ... ФъА йшяМогйъ жо чягягй гАоФАЕ Ф мчФч гАЦяцЕ...Ф┘ https://t.co/Fmn3N6vlUk,,,,,,,,,,,,,,,,,,,
4,0,@GhadaSaeed1 з хАоъ М мкггггггАЕ&gt;гАмЦоААЕ гДг сзФоМЕ гуА ФщуА ФЦгДМ Дщс хзж гАДгс гАМ гсМгоЕЦ гМягД<ed><U+00A0><U+00BD><ed><U+00B1><U+009E>ФгйЕгМь ФъгйхЕ┘ https://t.co/GICFoPj9W5,,,,,,,,,,,,,,,,,,,0
5,0,"RT @Shaft966: #ЕДгоМ_ЕДоМ йрФя ЦДуи #ДМсгД щМ #Цзяж_гАсМгягй_гАоФАМ щМ #лои
гФА ъгхйД ьМгяи сзФоМи
https://t.co/3hEQ6X9lJ2
#чМгоЕ_гАЦяцЕ_АА┘",,,,,,,,,,,,,,,,,,,1
6,0,"RT @eyesaudi: сзФоМи ййлФСЬА щМ гАуДгзМи ФйДчА ААДсга ЦоЛ гсйзого гАФят АчМгойЕД
#чМгоЕ_гАЦяцЕ_ААсМгяЕ 
_ https://t.co/CNV2rKWs8k",,,,,,,,,,,,,,,,,,,6
7,0,"RT @MdAlomar: щйги сзФоМи чгЦй хеДргА гАсгфч гАнгу АцлА енягл гАсМгяи ЦД ЦФчщ жМЬч 
.
ФДлмй
.
#чМгои_гАЦягЕ_ААсМгяЕ 
. https://t.co/XGEihBB┘",,,,,,,,,,,,,,,,,,,407
8,0,щгхйогфМ ъДй гдЦД гД чМгои гАЦяги мягЦ Ф гДг ЦФ сзФоМи ФАг мйЛ згМти хгАсзФоМи,,,,,,,,,,,,,,,,,,,147
9,0,"RT @eyesaudi: сзФоМи ййлФСЬА щМ гАуДгзМи ФйДчА ААДсга ЦоЛ гсйзого гАФят АчМгойЕД
#чМгоЕ_гАЦяцЕ_ААсМгяЕ 
_ https://t.co/CNV2rKWs8k",,,,,,,,,,,,,,,,,,,6
10,0,"#ЕДгоМ_ЕДоМ йрФя ЦДуи #ДМсгД щМ #Цзяж_гАсМгягй_гАоФАМ щМ #лои
гФА ъгхйД ьМгяи сзФоМи
https://t.co/3hEQ6X9lJ2┘ https://t.co/W6qiC3bfUv",,,,,,,,,,,,,,,,,,,1
11,0,"RT @SaudiNews50: #гАЦяФя:

.
сМйЦ гсйхогА яну #чМгои_гАЦяци сгяМи гАЦщзФА гАугояи ЦД гАоФА гАнАМлМи хяну сзФоМи ЦЦгкАи .

.
#чМгои_гАЦяци_А┘",,,,,,,,,,,,,,,,,,,
12,1,"RT @talal_alkwauity: #чМгои_гАЦяги_гАсзФоМи 

Епг цФА гАнМя <ed><U+00A0><U+00BD><ed><U+00B8><U+0082><ed><U+00A0><U+00BD><ed><U+00B8><U+0082><ed><U+00A0><U+00BD><ed><U+00B8><U+0082> 
#сзФоМЕ https://t.co/Z67y9BQwKY",,,,,,,,,,,,,,,,,,,
13,0,"RT @SaudiNews50: #гАЦяФя:

.
сМйЦ гсйхогА яну #чМгои_гАЦяци сгяМи гАЦщзФА гАугояи ЦД гАоФА гАнАМлМи хяну сзФоМи ЦЦгкАи .

.
#чМгои_гАЦяци_А┘",,,,,,,,,,,,,,,,,,,
14,0,"RT @qpostscom: #ДФяг_гАоФсяМ щйги сзФоМи йзАЦй гАчМгои щМ ЦЦАъи #гАхмяМД згЦ 2010 Фмгрй зАЛ януи чМгои оФАМи║ ййьФФз гАбД щМ #гАсзФоМи Айоя┘",,,,,,,,,,,,,,,,,,,
15,0,"RT @SaudiNews50: #гАЦяФя:

.
сМйЦ гсйхогА яну #чМгои_гАЦяци сгяМи гАЦщзФА гАугояи ЦД гАоФА гАнАМлМи хяну сзФоМи ЦЦгкАи .

.
#чМгои_гАЦяци_А┘",,,,,,,,,,,,,,,,,,,
16,0,RT @jnooob_07: гААМ ьгАхФг хгАчягя ЦйлДсгй ФДсга МхФД гАщсго ААсзФоМи АцД ЦсймМА сзФоМи йяжЛ хгАщсго хФьДЕг ФеД тга гААЕ хМДАшМ гАчягя ФгАА┘,,,,,,,,,,,,,,,,,,,
17,1,RT @ahmedalwadai1: ЦД мч гАЦяци гАсзФоМи гД йсйхоА януи гАчМгои гАйМ муАй зАМЕг ЦД гСМ оФАи нАМлМи гАЛ януи сзФоМи ФМтЦА гМжг оФА гняЛ гАйМ┘,,,,,,,,,,,,,,,,,,,
18,0,"RT @SaudiNews50: #гАЦяФя:

.
сМйЦ гсйхогА яну #чМгои_гАЦяци сгяМи гАЦщзФА гАугояи ЦД гАоФА гАнАМлМи хяну сзФоМи ЦЦгкАи .

.
#чМгои_гАЦяци_А┘",,,,,,,,,,,,,,,,,,,
19,0,RT @jnooob_07: гААМ ьгАхФг хгАчягя ЦйлДсгй ФДсга МхФД гАщсго ААсзФоМи АцД ЦсймМА сзФоМи йяжЛ хгАщсго хФьДЕг ФеД тга гААЕ хМДАшМ гАчягя ФгАА┘,,,,,,,,,,,,,,,,,,,
20,0,"RT @saad_alsuraihi: щйги сзФоМи йьАч Цхгояи АйзАМЦ чМгои гАсМгяи ААДсга ЦлгДгП ...
#чМгои_гАЦяги_гАсзФоМи 
#чМгои_гАЦяци_ААсМгяи https://t.┘",,,,,,,,,,,,,,,,,,,
21,1,"RT @talal_alkwauity: #чМгои_гАЦяги_гАсзФоМи 

Епг цФА гАнМя <ed><U+00A0><U+00BD><ed><U+00B8><U+0082><ed><U+00A0><U+00BD><ed><U+00B8><U+0082><ed><U+00A0><U+00BD><ed><U+00B8><U+0082> 
#сзФоМЕ https://t.co/Z67y9BQwKY",,,,,,,,,,,,,,,,,,,
22,1,"RT @talal_alkwauity: #чМгои_гАЦяги_гАсзФоМи 

Епг цФА гАнМя <ed><U+00A0><U+00BD><ed><U+00B8><U+0082><ed><U+00A0><U+00BD><ed><U+00B8><U+0082><ed><U+00A0><U+00BD><ed><U+00B8><U+0082> 
#сзФоМЕ https://t.co/Z67y9BQwKY",,,,,,,,,,,,,,,,,,,
23,1,"RT @talal_alkwauity: #чМгои_гАЦяги_гАсзФоМи 

Епг цФА гАнМя <ed><U+00A0><U+00BD><ed><U+00B8><U+0082><ed><U+00A0><U+00BD><ed><U+00B8><U+0082><ed><U+00A0><U+00BD><ed><U+00B8><U+0082> 
#сзФоМЕ https://t.co/Z67y9BQwKY",,,,,,,,,,,,,,,,,,,
24,1,"RT @talal_alkwauity: #чМгои_гАЦяги_гАсзФоМи 

Епг цФА гАнМя <ed><U+00A0><U+00BD><ed><U+00B8><U+0082><ed><U+00A0><U+00BD><ed><U+00B8><U+0082><ed><U+00A0><U+00BD><ed><U+00B8><U+0082> 
#сзФоМЕ https://t.co/Z67y9BQwKY",,,,,,,,,,,,,,,,,,,
25,1,"#чМгои_гАЦяги_гАсзФоМи 

Епг цФА гАнМя <ed><U+00A0><U+00BD><ed><U+00B8><U+0082><ed><U+00A0><U+00BD><ed><U+00B8><U+0082><ed><U+00A0><U+00BD><ed><U+00B8><U+0082> 
#сзФоМЕ https://t.co/Z67y9BQwKY",,,,,,,,,,,,,,,,,,,
26,0,"RT @SaudiNews50: #гАЦяФя:

.
сМйЦ гсйхогА яну #чМгои_гАЦяци сгяМи гАЦщзФА гАугояи ЦД гАоФА гАнАМлМи хяну сзФоМи ЦЦгкАи .

.
#чМгои_гАЦяци_А┘",,,,,,,,,,,,,,,,,,,
27,0,"RT @SaudiNews50: #гАЦяФя:

.
сМйЦ гсйхогА яну #чМгои_гАЦяци сгяМи гАЦщзФА гАугояи ЦД гАоФА гАнАМлМи хяну сзФоМи ЦЦгкАи .

.
#чМгои_гАЦяци_А┘",,,,,,,,,,,,,,,,,,,
28,1,"@iam_moon123 Аг
щМ сзФоМи ЦмЦо хД йягЦх
гАсзФоМи йймФА еАЛ охМ гАозгяи. ЦДгЦи гАЦгяи щМ сДи
гАсМДЦг йнйуя
чМгои гАЦ┘ https://t.co/zYZAKOpCSa",,,,,,,,,,,,,,,,,,,
29,0,"RT @SaudiNews50: #гАЦяФя:

.
сМйЦ гсйхогА яну #чМгои_гАЦяци сгяМи гАЦщзФА гАугояи ЦД гАоФА гАнАМлМи хяну сзФоМи ЦЦгкАи .

.
#чМгои_гАЦяци_А┘",,,,,,,,,,,,,,,,,,,
30,0,"@sabqorg ДуМми АъА сзФоМи йяшх хчМгои гДйхЕФг ЦД Фят гАсМгягй ААгсщ гъкяЕЦ ДугхМД 

#AaAa8 
#чМгои_гАЦяги",,,,,,,,,,,,,,,,,,,
31,0,"RT @eyesaudi: сзФоМи ййлФСЬА щМ гАуДгзМи ФйДчА ААДсга ЦоЛ гсйзого гАФят АчМгойЕД
#чМгоЕ_гАЦяцЕ_ААсМгяЕ 
_ https://t.co/CNV2rKWs8k",,,,,,,,,,,,,,,,,,,
32,0,"RT @eyesaudi: сзФоМи ййлФСЬА щМ гАуДгзМи ФйДчА ААДсга ЦоЛ гсйзого гАФят АчМгойЕД
#чМгоЕ_гАЦяцЕ_ААсМгяЕ 
_ https://t.co/CNV2rKWs8k",,,,,,,,,,,,,,,,,,,
33,0,"RT @SaudiNews50: #гАЦяФя:

.
сМйЦ гсйхогА яну #чМгои_гАЦяци сгяМи гАЦщзФА гАугояи ЦД гАоФА гАнАМлМи хяну сзФоМи ЦЦгкАи .

.
#чМгои_гАЦяци_А┘",,,,,,,,,,,,,,,,,,,
34,1,"RT @SaudiTeachers: гЕйЦгЦ Фргяи гАйзАМЦ хмЦАи чМгои гАЦяци ААсМгяи МкМя йсгдА ДмФ200 цАщ ЦзАЦи сзФоМи ║ЕА ДмД жЦД огфяи гЕйЦгЦ Фргяи гАйзАМ┘",,,,,,,,,,,,,,,,,,,
35,0,"RT @SaudiNews50: #гАЦяФя:

.
сМйЦ гсйхогА яну #чМгои_гАЦяци сгяМи гАЦщзФА гАугояи ЦД гАоФА гАнАМлМи хяну сзФоМи ЦЦгкАи .

.
#чМгои_гАЦяци_А┘",,,,,,,,,,,,,,,,,,,
36,2,"RT @NAJRAN_NOW: гАЦяФя:
Аг МФло йЦММр АсМгягй гАДсга хАФм ФцячгЦ нгуи ║ хА йнжз АДщс ДыгЦ гААФмгй гАЦзЦФА хЕ мгАМг щМ гАЦгои гАсгхзи ЦД Дыг┘",,,,,,,,,,,,,,,,,,,
37,0,RT @jnooob_07: гААМ ьгАхФг хгАчягя ЦйлДсгй ФДсга МхФД гАщсго ААсзФоМи АцД ЦсймМА сзФоМи йяжЛ хгАщсго хФьДЕг ФеД тга гААЕ хМДАшМ гАчягя ФгАА┘,,,,,,,,,,,,,,,,,,,
38,0,тгЕо .. ⌠ #ЦпМзи_сзФоМи ■ щМ ⌠уДгзМи гАсМгягй■ хгАяМгж йътщ зД бня гАгсйзогогй АчМгои гАЦяци ! https://t.co/1vG4PdGLY9     #чМгои_гАЦяги,,,,,,,,,,,,,,,,,,,
39,1,"RT @SaudiTeachers: гЕйЦгЦ Фргяи гАйзАМЦ хмЦАи чМгои гАЦяци ААсМгяи МкМя йсгдА ДмФ200 цАщ ЦзАЦи сзФоМи ║ЕА ДмД жЦД огфяи гЕйЦгЦ Фргяи гАйзАМ┘",,,,,,,,,,,,,,,,,,,
40,0,"RT @eyesaudi: сзФоМи ййлФСЬА щМ гАуДгзМи ФйДчА ААДсга ЦоЛ гсйзого гАФят АчМгойЕД
#чМгоЕ_гАЦяцЕ_ААсМгяЕ 
_ https://t.co/CNV2rKWs8k",,,,,,,,,,,,,,,,,,,
41,0,"RT @HBuyabes: цФгЦя ЦАъМи щМ сзФоМи
<U+25AA><U+FE0F>гАЦзйяжФД:ЦшяоФг гАъФМй
оФя сМДЦг щМ сзФоМи
<U+25AA><U+FE0F>гАЦзйяжФД:ЦшяоФг гАъФМй
чМгои гАЦяци щМ гАсзФоМи
<U+25AA><U+FE0F>гАЦз┘",,,,,,,,,,,,,,,,,,,
42,0,"RT @SaudiNews50: #гАЦяФя:

.
сМйЦ гсйхогА яну #чМгои_гАЦяци сгяМи гАЦщзФА гАугояи ЦД гАоФА гАнАМлМи хяну сзФоМи ЦЦгкАи .

.
#чМгои_гАЦяци_А┘",,,,,,,,,,,,,,,,,,,
43,0,"RT @eyesaudi: сзФоМи ййлФСЬА щМ гАуДгзМи ФйДчА ААДсга ЦоЛ гсйзого гАФят АчМгойЕД
#чМгоЕ_гАЦяцЕ_ААсМгяЕ 
_ https://t.co/CNV2rKWs8k",,,,,,,,,,,,,,,,,,,
44,0,"сзФоМи ййлФСЬА щМ гАуДгзМи ФйДчА ААДсга ЦоЛ гсйзого гАФят АчМгойЕД
#чМгоЕ_гАЦяцЕ_ААсМгяЕ 
_ https://t.co/CNV2rKWs8k",,,,,,,,,,,,,,,,,,,
45,0,"RT @SaudiNews50: #гАЦяФя:

.
сМйЦ гсйхогА яну #чМгои_гАЦяци сгяМи гАЦщзФА гАугояи ЦД гАоФА гАнАМлМи хяну сзФоМи ЦЦгкАи .

.
#чМгои_гАЦяци_А┘",,,,,,,,,,,,,,,,,,,
46,0,"RT @SaudiNews50: #гАЦяФя:

.
сМйЦ гсйхогА яну #чМгои_гАЦяци сгяМи гАЦщзФА гАугояи ЦД гАоФА гАнАМлМи хяну сзФоМи ЦЦгкАи .

.
#чМгои_гАЦяци_А┘",,,,,,,,,,,,,,,,,,,
47,1,"RT @SaudiTeachers: гЕйЦгЦ Фргяи гАйзАМЦ хмЦАи чМгои гАЦяци ААсМгяи МкМя йсгдА ДмФ200 цАщ ЦзАЦи сзФоМи ║ЕА ДмД жЦД огфяи гЕйЦгЦ Фргяи гАйзАМ┘",,,,,,,,,,,,,,,,,,,
48,0,"RT @SaudiNews50: #гАЦяФя:

.
сМйЦ гсйхогА яну #чМгои_гАЦяци сгяМи гАЦщзФА гАугояи ЦД гАоФА гАнАМлМи хяну сзФоМи ЦЦгкАи .

.
#чМгои_гАЦяци_А┘",,,,,,,,,,,,,,,,,,,
49,0,"RT @SaudiNews50: #гАЦяФя:

.
сМйЦ гсйхогА яну #чМгои_гАЦяци сгяМи гАЦщзФА гАугояи ЦД гАоФА гАнАМлМи хяну сзФоМи ЦЦгкАи .

.
#чМгои_гАЦяци_А┘",,,,,,,,,,,,,,,,,,,
50,0,"RT @SaudiNews50: #гАЦяФя:

.
сМйЦ гсйхогА яну #чМгои_гАЦяци сгяМи гАЦщзФА гАугояи ЦД гАоФА гАнАМлМи хяну сзФоМи ЦЦгкАи .

.
#чМгои_гАЦяци_А┘",,,,,,,,,,,,,,,,,,,
51,0,"RT @SaudiNews50: #гАЦяФя:

.
сМйЦ гсйхогА яну #чМгои_гАЦяци сгяМи гАЦщзФА гАугояи ЦД гАоФА гАнАМлМи хяну сзФоМи ЦЦгкАи .

.
#чМгои_гАЦяци_А┘",,,,,,,,,,,,,,,,,,,
52,0,"RT @SaudiNews50: #гАЦяФя:

.
сМйЦ гсйхогА яну #чМгои_гАЦяци сгяМи гАЦщзФА гАугояи ЦД гАоФА гАнАМлМи хяну сзФоМи ЦЦгкАи .

.
#чМгои_гАЦяци_А┘",,,,,,,,,,,,,,,,,,,
53,2,"RT @NAJRAN_NOW: гАЦяФя:
Аг МФло йЦММр АсМгягй гАДсга хАФм ФцячгЦ нгуи ║ хА йнжз АДщс ДыгЦ гААФмгй гАЦзЦФА хЕ мгАМг щМ гАЦгои гАсгхзи ЦД Дыг┘",,,,,,,,,,,,,,,,,,,
54,2,"RT @NAJRAN_NOW: гАЦяФя:
Аг МФло йЦММр АсМгягй гАДсга хАФм ФцячгЦ нгуи ║ хА йнжз АДщс ДыгЦ гААФмгй гАЦзЦФА хЕ мгАМг щМ гАЦгои гАсгхзи ЦД Дыг┘",,,,,,,,,,,,,,,,,,,
55,0,"RT @SaudiNews50: #гАЦяФя:

.
сМйЦ гсйхогА яну #чМгои_гАЦяци сгяМи гАЦщзФА гАугояи ЦД гАоФА гАнАМлМи хяну сзФоМи ЦЦгкАи .

.
#чМгои_гАЦяци_А┘",,,,,,,,,,,,,,,,,,,
56,0,"RT @SaudiNews50: #гАЦяФя:

.
сМйЦ гсйхогА яну #чМгои_гАЦяци сгяМи гАЦщзФА гАугояи ЦД гАоФА гАнАМлМи хяну сзФоМи ЦЦгкАи .

.
#чМгои_гАЦяци_А┘",,,,,,,,,,,,,,,,,,,
57,0,"RT @SaudiNews50: #гАЦяФя:

.
сМйЦ гсйхогА яну #чМгои_гАЦяци сгяМи гАЦщзФА гАугояи ЦД гАоФА гАнАМлМи хяну сзФоМи ЦЦгкАи .

.
#чМгои_гАЦяци_А┘",,,,,,,,,,,,,,,,,,,
58,0,"RT @SaudiNews50: #гАЦяФя:

.
сМйЦ гсйхогА яну #чМгои_гАЦяци сгяМи гАЦщзФА гАугояи ЦД гАоФА гАнАМлМи хяну сзФоМи ЦЦгкАи .

.
#чМгои_гАЦяци_А┘",,,,,,,,,,,,,,,,,,,
59,0,"RT @SaudiNews50: #гАЦяФя:

.
сМйЦ гсйхогА яну #чМгои_гАЦяци сгяМи гАЦщзФА гАугояи ЦД гАоФА гАнАМлМи хяну сзФоМи ЦЦгкАи .

.
#чМгои_гАЦяци_А┘",,,,,,,,,,,,,,,,,,,
60,0,"RT @saut_sa: <U+2067> #гАЦяФя <U+2069>:

.
сМйЦ гсйхогА яну <U+2067> #чМгои_гАЦяци <U+2069> сгяМи гАЦщзФА гАугояи ЦД гАоФА гАнАМлМи хяну сзФоМи ЦЦгкАи .",,,,,,,,,,,,,,,,,,,
61,0,"<U+2067> #гАЦяФя <U+2069>:

.
сМйЦ гсйхогА яну <U+2067> #чМгои_гАЦяци <U+2069> сгяМи гАЦщзФА гАугояи ЦД гАоФА гАнАМлМи хяну сзФоМи ЦЦгкАи .",,,,,,,,,,,,,,,,,,,
62,0,"RT @SaudiNews50: #гАЦяФя:

.
сМйЦ гсйхогА яну #чМгои_гАЦяци сгяМи гАЦщзФА гАугояи ЦД гАоФА гАнАМлМи хяну сзФоМи ЦЦгкАи .

.
#чМгои_гАЦяци_А┘",,,,,,,,,,,,,,,,,,,
63,0,"RT @SaudiNews50: #гАЦяФя:

.
сМйЦ гсйхогА яну #чМгои_гАЦяци сгяМи гАЦщзФА гАугояи ЦД гАоФА гАнАМлМи хяну сзФоМи ЦЦгкАи .

.
#чМгои_гАЦяци_А┘",,,,,,,,,,,,,,,,,,,
64,0,"RT @khaliddarraj: АЦ цйщЕЦ гАоФгщз ФгАЦхяягй гАйМ хсххЕг йъщАй нЦс лгЦзгй сзФоМи хеДтга Цогяс АйзАМЦ гАЦяци чМгои гАсМгягй©
ЕА Епг ЦД цоФя┘",,,,,,,,,,,,,,,,,,,
65,0,"RT @khaliddarraj: АЦ цйщЕЦ гАоФгщз ФгАЦхяягй гАйМ хсххЕг йъщАй нЦс лгЦзгй сзФоМи хеДтга Цогяс АйзАМЦ гАЦяци чМгои гАсМгягй©
ЕА Епг ЦД цоФя┘",,,,,,,,,,,,,,,,,,,
66,0,"RT @SaudiNews50: #гАЦяФя:

.
сМйЦ гсйхогА яну #чМгои_гАЦяци сгяМи гАЦщзФА гАугояи ЦД гАоФА гАнАМлМи хяну сзФоМи ЦЦгкАи .

.
#чМгои_гАЦяци_А┘",,,,,,,,,,,,,,,,,,,
67,0,"RT @khaliddarraj: АЦ цйщЕЦ гАоФгщз ФгАЦхяягй гАйМ хсххЕг йъщАй нЦс лгЦзгй сзФоМи хеДтга Цогяс АйзАМЦ гАЦяци чМгои гАсМгягй©
ЕА Епг ЦД цоФя┘",,,,,,,,,,,,,,,,,,,
68,0,"RT @khaliddarraj: АЦ цйщЕЦ гАоФгщз ФгАЦхяягй гАйМ хсххЕг йъщАй нЦс лгЦзгй сзФоМи хеДтга Цогяс АйзАМЦ гАЦяци чМгои гАсМгягй©
ЕА Епг ЦД цоФя┘",,,,,,,,,,,,,,,,,,,
69,0,"RT @khaliddarraj: АЦ цйщЕЦ гАоФгщз ФгАЦхяягй гАйМ хсххЕг йъщАй нЦс лгЦзгй сзФоМи хеДтга Цогяс АйзАМЦ гАЦяци чМгои гАсМгягй©
ЕА Епг ЦД цоФя┘",,,,,,,,,,,,,,,,,,,
70,0,"АЦ цйщЕЦ гАоФгщз ФгАЦхяягй гАйМ хсххЕг йъщАй нЦс лгЦзгй сзФоМи хеДтга Цогяс АйзАМЦ гАЦяци чМгои гАсМгягй©
ЕА Епг ЦД┘ https://t.co/lpxBRaU1Hm",,,,,,,,,,,,,,,,,,,
71,0,"RT @SaudiNews50: #гАЦяФя:

.
сМйЦ гсйхогА яну #чМгои_гАЦяци сгяМи гАЦщзФА гАугояи ЦД гАоФА гАнАМлМи хяну сзФоМи ЦЦгкАи .

.
#чМгои_гАЦяци_А┘",,,,,,,,,,,,,,,,,,,
72,0,"RT @SaudiNews50: #гАЦяФя:

.
сМйЦ гсйхогА яну #чМгои_гАЦяци сгяМи гАЦщзФА гАугояи ЦД гАоФА гАнАМлМи хяну сзФоМи ЦЦгкАи .

.
#чМгои_гАЦяци_А┘",,,,,,,,,,,,,,,,,,,
73,0,"RT @SaudiNews50: #гАЦяФя:

.
сМйЦ гсйхогА яну #чМгои_гАЦяци сгяМи гАЦщзФА гАугояи ЦД гАоФА гАнАМлМи хяну сзФоМи ЦЦгкАи .

.
#чМгои_гАЦяци_А┘",,,,,,,,,,,,,,,,,,,
74,0,"RT @SaudiNews50: #гАЦяФя:

.
сМйЦ гсйхогА яну #чМгои_гАЦяци сгяМи гАЦщзФА гАугояи ЦД гАоФА гАнАМлМи хяну сзФоМи ЦЦгкАи .

.
#чМгои_гАЦяци_А┘",,,,,,,,,,,,,,,,,,,
75,0,"RT @SaudiNews50: #гАЦяФя:

.
сМйЦ гсйхогА яну #чМгои_гАЦяци сгяМи гАЦщзФА гАугояи ЦД гАоФА гАнАМлМи хяну сзФоМи ЦЦгкАи .

.
#чМгои_гАЦяци_А┘",,,,,,,,,,,,,,,,,,,
76,0,"RT @SaudiNews50: #гАЦяФя:

.
сМйЦ гсйхогА яну #чМгои_гАЦяци сгяМи гАЦщзФА гАугояи ЦД гАоФА гАнАМлМи хяну сзФоМи ЦЦгкАи .

.
#чМгои_гАЦяци_А┘",,,,,,,,,,,,,,,,,,,
77,0,"RT @SaudiNews50: #гАЦяФя:

.
сМйЦ гсйхогА яну #чМгои_гАЦяци сгяМи гАЦщзФА гАугояи ЦД гАоФА гАнАМлМи хяну сзФоМи ЦЦгкАи .

.
#чМгои_гАЦяци_А┘",,,,,,,,,,,,,,,,,,,
78,0,"RT @SaudiNews50: #гАЦяФя:

.
сМйЦ гсйхогА яну #чМгои_гАЦяци сгяМи гАЦщзФА гАугояи ЦД гАоФА гАнАМлМи хяну сзФоМи ЦЦгкАи .

.
#чМгои_гАЦяци_А┘",,,,,,,,,,,,,,,,,,,
79,0,"RT @SaudiNews50: #гАЦяФя:

.
сМйЦ гсйхогА яну #чМгои_гАЦяци сгяМи гАЦщзФА гАугояи ЦД гАоФА гАнАМлМи хяну сзФоМи ЦЦгкАи .

.
#чМгои_гАЦяци_А┘",,,,,,,,,,,,,,,,,,,
80,0,"RT @SaudiNews50: #гАЦяФя:

.
сМйЦ гсйхогА яну #чМгои_гАЦяци сгяМи гАЦщзФА гАугояи ЦД гАоФА гАнАМлМи хяну сзФоМи ЦЦгкАи .

.
#чМгои_гАЦяци_А┘",,,,,,,,,,,,,,,,,,,
81,0,"RT @SaudiNews50: #гАЦяФя:

.
сМйЦ гсйхогА яну #чМгои_гАЦяци сгяМи гАЦщзФА гАугояи ЦД гАоФА гАнАМлМи хяну сзФоМи ЦЦгкАи .

.
#чМгои_гАЦяци_А┘",,,,,,,,,,,,,,,,,,,
82,0,"RT @SaudiNews50: #гАЦяФя:

.
сМйЦ гсйхогА яну #чМгои_гАЦяци сгяМи гАЦщзФА гАугояи ЦД гАоФА гАнАМлМи хяну сзФоМи ЦЦгкАи .

.
#чМгои_гАЦяци_А┘",,,,,,,,,,,,,,,,,,,
83,0,"RT @SaudiNews50: #гАЦяФя:

.
сМйЦ гсйхогА яну #чМгои_гАЦяци сгяМи гАЦщзФА гАугояи ЦД гАоФА гАнАМлМи хяну сзФоМи ЦЦгкАи .

.
#чМгои_гАЦяци_А┘",,,,,,,,,,,,,,,,,,,
84,0,"RT @SaudiNews50: #гАЦяФя:

.
сМйЦ гсйхогА яну #чМгои_гАЦяци сгяМи гАЦщзФА гАугояи ЦД гАоФА гАнАМлМи хяну сзФоМи ЦЦгкАи .

.
#чМгои_гАЦяци_А┘",,,,,,,,,,,,,,,,,,,
85,0,"RT @SaudiNews50: #гАЦяФя:

.
сМйЦ гсйхогА яну #чМгои_гАЦяци сгяМи гАЦщзФА гАугояи ЦД гАоФА гАнАМлМи хяну сзФоМи ЦЦгкАи .

.
#чМгои_гАЦяци_А┘",,,,,,,,,,,,,,,,,,,
86,0,"RT @SaudiNews50: #гАЦяФя:

.
сМйЦ гсйхогА яну #чМгои_гАЦяци сгяМи гАЦщзФА гАугояи ЦД гАоФА гАнАМлМи хяну сзФоМи ЦЦгкАи .

.
#чМгои_гАЦяци_А┘",,,,,,,,,,,,,,,,,,,
87,0,"RT @SaudiNews50: #гАЦяФя:

.
сМйЦ гсйхогА яну #чМгои_гАЦяци сгяМи гАЦщзФА гАугояи ЦД гАоФА гАнАМлМи хяну сзФоМи ЦЦгкАи .

.
#чМгои_гАЦяци_А┘",,,,,,,,,,,,,,,,,,,
88,0,"RT @SaudiNews50: #гАЦяФя:

.
сМйЦ гсйхогА яну #чМгои_гАЦяци сгяМи гАЦщзФА гАугояи ЦД гАоФА гАнАМлМи хяну сзФоМи ЦЦгкАи .

.
#чМгои_гАЦяци_А┘",,,,,,,,,,,,,,,,,,,
89,0,"RT @SaudiNews50: #гАЦяФя:

.
сМйЦ гсйхогА яну #чМгои_гАЦяци сгяМи гАЦщзФА гАугояи ЦД гАоФА гАнАМлМи хяну сзФоМи ЦЦгкАи .

.
#чМгои_гАЦяци_А┘",,,,,,,,,,,,,,,,,,,
90,0,"RT @SaudiNews50: #гАЦяФя:

.
сМйЦ гсйхогА яну #чМгои_гАЦяци сгяМи гАЦщзФА гАугояи ЦД гАоФА гАнАМлМи хяну сзФоМи ЦЦгкАи .

.
#чМгои_гАЦяци_А┘",,,,,,,,,,,,,,,,,,,
91,0,"RT @SaudiNews50: #гАЦяФя:

.
сМйЦ гсйхогА яну #чМгои_гАЦяци сгяМи гАЦщзФА гАугояи ЦД гАоФА гАнАМлМи хяну сзФоМи ЦЦгкАи .

.
#чМгои_гАЦяци_А┘",,,,,,,,,,,,,,,,,,,
92,0,"RT @SaudiNews50: #гАЦяФя:

.
сМйЦ гсйхогА яну #чМгои_гАЦяци сгяМи гАЦщзФА гАугояи ЦД гАоФА гАнАМлМи хяну сзФоМи ЦЦгкАи .

.
#чМгои_гАЦяци_А┘",,,,,,,,,,,,,,,,,,,
93,0,"RT @SaudiNews50: #гАЦяФя:

.
сМйЦ гсйхогА яну #чМгои_гАЦяци сгяМи гАЦщзФА гАугояи ЦД гАоФА гАнАМлМи хяну сзФоМи ЦЦгкАи .

.
#чМгои_гАЦяци_А┘",,,,,,,,,,,,,,,,,,,
94,0,"RT @SaudiNews50: #гАЦяФя:

.
сМйЦ гсйхогА яну #чМгои_гАЦяци сгяМи гАЦщзФА гАугояи ЦД гАоФА гАнАМлМи хяну сзФоМи ЦЦгкАи .

.
#чМгои_гАЦяци_А┘",,,,,,,,,,,,,,,,,,,
95,0,"RT @SaudiNews50: #гАЦяФя:

.
сМйЦ гсйхогА яну #чМгои_гАЦяци сгяМи гАЦщзФА гАугояи ЦД гАоФА гАнАМлМи хяну сзФоМи ЦЦгкАи .

.
#чМгои_гАЦяци_А┘",,,,,,,,,,,,,,,,,,,
96,0,"RT @SaudiNews50: #гАЦяФя:

.
сМйЦ гсйхогА яну #чМгои_гАЦяци сгяМи гАЦщзФА гАугояи ЦД гАоФА гАнАМлМи хяну сзФоМи ЦЦгкАи .

.
#чМгои_гАЦяци_А┘",,,,,,,,,,,,,,,,,,,
97,0,"RT @SaudiNews50: #гАЦяФя:

.
сМйЦ гсйхогА яну #чМгои_гАЦяци сгяМи гАЦщзФА гАугояи ЦД гАоФА гАнАМлМи хяну сзФоМи ЦЦгкАи .

.
#чМгои_гАЦяци_А┘",,,,,,,,,,,,,,,,,,,
98,0,"RT @SaudiNews50: #гАЦяФя:

.
сМйЦ гсйхогА яну #чМгои_гАЦяци сгяМи гАЦщзФА гАугояи ЦД гАоФА гАнАМлМи хяну сзФоМи ЦЦгкАи .

.
#чМгои_гАЦяци_А┘",,,,,,,,,,,,,,,,,,,
99,0,"RT @SaudiNews50: #гАЦяФя:

.
сМйЦ гсйхогА яну #чМгои_гАЦяци сгяМи гАЦщзФА гАугояи ЦД гАоФА гАнАМлМи хяну сзФоМи ЦЦгкАи .

.
#чМгои_гАЦяци_А┘",,,,,,,,,,,,,,,,,,,
100,0,"RT @SaudiNews50: #гАЦяФя:

.
сМйЦ гсйхогА яну #чМгои_гАЦяци сгяМи гАЦщзФА гАугояи ЦД гАоФА гАнАМлМи хяну сзФоМи ЦЦгкАи .

.
#чМгои_гАЦяци_А┘",,,,,,,,,,,,,,,,,,,
101,0,"RT @SaudiNews50: #гАЦяФя:

.
сМйЦ гсйхогА яну #чМгои_гАЦяци сгяМи гАЦщзФА гАугояи ЦД гАоФА гАнАМлМи хяну сзФоМи ЦЦгкАи .

.
#чМгои_гАЦяци_А┘",,,,,,,,,,,,,,,,,,,
102,0,"RT @SaudiNews50: #гАЦяФя:

.
сМйЦ гсйхогА яну #чМгои_гАЦяци сгяМи гАЦщзФА гАугояи ЦД гАоФА гАнАМлМи хяну сзФоМи ЦЦгкАи .

.
#чМгои_гАЦяци_А┘",,,,,,,,,,,,,,,,,,,
103,0,"RT @SaudiNews50: #гАЦяФя:

.
сМйЦ гсйхогА яну #чМгои_гАЦяци сгяМи гАЦщзФА гАугояи ЦД гАоФА гАнАМлМи хяну сзФоМи ЦЦгкАи .

.
#чМгои_гАЦяци_А┘",,,,,,,,,,,,,,,,,,,
104,0,"RT @SaudiNews50: #гАЦяФя:

.
сМйЦ гсйхогА яну #чМгои_гАЦяци сгяМи гАЦщзФА гАугояи ЦД гАоФА гАнАМлМи хяну сзФоМи ЦЦгкАи .

.
#чМгои_гАЦяци_А┘",,,,,,,,,,,,,,,,,,,
105,0,"RT @SaudiNews50: #гАЦяФя:

.
сМйЦ гсйхогА яну #чМгои_гАЦяци сгяМи гАЦщзФА гАугояи ЦД гАоФА гАнАМлМи хяну сзФоМи ЦЦгкАи .

.
#чМгои_гАЦяци_А┘",,,,,,,,,,,,,,,,,,,
106,0,"RT @SaudiNews50: #гАЦяФя:

.
сМйЦ гсйхогА яну #чМгои_гАЦяци сгяМи гАЦщзФА гАугояи ЦД гАоФА гАнАМлМи хяну сзФоМи ЦЦгкАи .

.
#чМгои_гАЦяци_А┘",,,,,,,,,,,,,,,,,,,
107,1,RT @ahmedalwadai1: ЦД мч гАЦяци гАсзФоМи гД йсйхоА януи гАчМгои гАйМ муАй зАМЕг ЦД гСМ оФАи нАМлМи гАЛ януи сзФоМи ФМтЦА гМжг оФА гняЛ гАйМ┘,,,,,,,,,,,,,,,,,,,
108,0,"RT @SaudiNews50: #гАЦяФя:

.
сМйЦ гсйхогА яну #чМгои_гАЦяци сгяМи гАЦщзФА гАугояи ЦД гАоФА гАнАМлМи хяну сзФоМи ЦЦгкАи .

.
#чМгои_гАЦяци_А┘",,,,,,,,,,,,,,,,,,,
109,0,"RT @SaudiNews50: #гАЦяФя:

.
сМйЦ гсйхогА яну #чМгои_гАЦяци сгяМи гАЦщзФА гАугояи ЦД гАоФА гАнАМлМи хяну сзФоМи ЦЦгкАи .

.
#чМгои_гАЦяци_А┘",,,,,,,,,,,,,,,,,,,
110,0,"RT @SaudiNews50: #гАЦяФя:

.
сМйЦ гсйхогА яну #чМгои_гАЦяци сгяМи гАЦщзФА гАугояи ЦД гАоФА гАнАМлМи хяну сзФоМи ЦЦгкАи .

.
#чМгои_гАЦяци_А┘",,,,,,,,,,,,,,,,,,,
111,0,"RT @SaudiNews50: #гАЦяФя:

.
сМйЦ гсйхогА яну #чМгои_гАЦяци сгяМи гАЦщзФА гАугояи ЦД гАоФА гАнАМлМи хяну сзФоМи ЦЦгкАи .

.
#чМгои_гАЦяци_А┘",,,,,,,,,,,,,,,,,,,
112,0,"RT @SaudiNews50: #гАЦяФя:

.
сМйЦ гсйхогА яну #чМгои_гАЦяци сгяМи гАЦщзФА гАугояи ЦД гАоФА гАнАМлМи хяну сзФоМи ЦЦгкАи .

.
#чМгои_гАЦяци_А┘",,,,,,,,,,,,,,,,,,,
113,0,"RT @SaudiNews50: #гАЦяФя:

.
сМйЦ гсйхогА яну #чМгои_гАЦяци сгяМи гАЦщзФА гАугояи ЦД гАоФА гАнАМлМи хяну сзФоМи ЦЦгкАи .

.
#чМгои_гАЦяци_А┘",,,,,,,,,,,,,,,,,,,
114,0,"RT @SaudiNews50: #гАЦяФя:

.
сМйЦ гсйхогА яну #чМгои_гАЦяци сгяМи гАЦщзФА гАугояи ЦД гАоФА гАнАМлМи хяну сзФоМи ЦЦгкАи .

.
#чМгои_гАЦяци_А┘",,,,,,,,,,,,,,,,,,,
115,0,"RT @SaudiNews50: #гАЦяФя:

.
сМйЦ гсйхогА яну #чМгои_гАЦяци сгяМи гАЦщзФА гАугояи ЦД гАоФА гАнАМлМи хяну сзФоМи ЦЦгкАи .

.
#чМгои_гАЦяци_А┘",,,,,,,,,,,,,,,,,,,
116,0,"RT @SaudiNews50: #гАЦяФя:

.
сМйЦ гсйхогА яну #чМгои_гАЦяци сгяМи гАЦщзФА гАугояи ЦД гАоФА гАнАМлМи хяну сзФоМи ЦЦгкАи .

.
#чМгои_гАЦяци_А┘",,,,,,,,,,,,,,,,,,,
117,0,"RT @ein_alshamal: #гАЦяФя:

.
сМйЦ гсйхогА яну #чМгои_гАЦяци сгяМи гАЦщзФА гАугояи ЦД гАоФА гАнАМлМи хяну сзФоМи ЦЦгкАи .

.
#чМгои_гАЦяци_┘",,,,,,,,,,,,,,,,,,,
118,0,"RT @SaudiNews50: #гАЦяФя:

.
сМйЦ гсйхогА яну #чМгои_гАЦяци сгяМи гАЦщзФА гАугояи ЦД гАоФА гАнАМлМи хяну сзФоМи ЦЦгкАи .

.
#чМгои_гАЦяци_А┘",,,,,,,,,,,,,,,,,,,
119,0,"RT @ein_alshamal: #гАЦяФя:

.
сМйЦ гсйхогА яну #чМгои_гАЦяци сгяМи гАЦщзФА гАугояи ЦД гАоФА гАнАМлМи хяну сзФоМи ЦЦгкАи .

.
#чМгои_гАЦяци_┘",,,,,,,,,,,,,,,,,,,
120,0,"RT @ein_alshamal: #гАЦяФя:

.
сМйЦ гсйхогА яну #чМгои_гАЦяци сгяМи гАЦщзФА гАугояи ЦД гАоФА гАнАМлМи хяну сзФоМи ЦЦгкАи .

.
#чМгои_гАЦяци_┘",,,,,,,,,,,,,,,,,,,
121,0,"RT @ein_alshamal: #гАЦяФя:

.
сМйЦ гсйхогА яну #чМгои_гАЦяци сгяМи гАЦщзФА гАугояи ЦД гАоФА гАнАМлМи хяну сзФоМи ЦЦгкАи .

.
#чМгои_гАЦяци_┘",,,,,,,,,,,,,,,,,,,
122,0,"RT @ein_alshamal: #гАЦяФя:

.
сМйЦ гсйхогА яну #чМгои_гАЦяци сгяМи гАЦщзФА гАугояи ЦД гАоФА гАнАМлМи хяну сзФоМи ЦЦгкАи .

.
#чМгои_гАЦяци_┘",,,,,,,,,,,,,,,,,,,
123,0,"RT @SaudiNews50: #гАЦяФя:

.
сМйЦ гсйхогА яну #чМгои_гАЦяци сгяМи гАЦщзФА гАугояи ЦД гАоФА гАнАМлМи хяну сзФоМи ЦЦгкАи .

.
#чМгои_гАЦяци_А┘",,,,,,,,,,,,,,,,,,,
124,0,"RT @ein_alshamal: #гАЦяФя:

.
сМйЦ гсйхогА яну #чМгои_гАЦяци сгяМи гАЦщзФА гАугояи ЦД гАоФА гАнАМлМи хяну сзФоМи ЦЦгкАи .

.
#чМгои_гАЦяци_┘",,,,,,,,,,,,,,,,,,,
125,0,"RT @ein_alshamal: #гАЦяФя:

.
сМйЦ гсйхогА яну #чМгои_гАЦяци сгяМи гАЦщзФА гАугояи ЦД гАоФА гАнАМлМи хяну сзФоМи ЦЦгкАи .

.
#чМгои_гАЦяци_┘",,,,,,,,,,,,,,,,,,,
126,0,"RT @SaudiNews50: #гАЦяФя:

.
сМйЦ гсйхогА яну #чМгои_гАЦяци сгяМи гАЦщзФА гАугояи ЦД гАоФА гАнАМлМи хяну сзФоМи ЦЦгкАи .

.
#чМгои_гАЦяци_А┘",,,,,,,,,,,,,,,,,,,
127,0,"RT @SaudiNews50: #гАЦяФя:

.
сМйЦ гсйхогА яну #чМгои_гАЦяци сгяМи гАЦщзФА гАугояи ЦД гАоФА гАнАМлМи хяну сзФоМи ЦЦгкАи .

.
#чМгои_гАЦяци_А┘",,,,,,,,,,,,,,,,,,,
128,0,"RT @SaudiNews50: #гАЦяФя:

.
сМйЦ гсйхогА яну #чМгои_гАЦяци сгяМи гАЦщзФА гАугояи ЦД гАоФА гАнАМлМи хяну сзФоМи ЦЦгкАи .

.
#чМгои_гАЦяци_А┘",,,,,,,,,,,,,,,,,,,
129,0,"RT @SaudiNews50: #гАЦяФя:

.
сМйЦ гсйхогА яну #чМгои_гАЦяци сгяМи гАЦщзФА гАугояи ЦД гАоФА гАнАМлМи хяну сзФоМи ЦЦгкАи .

.
#чМгои_гАЦяци_А┘",,,,,,,,,,,,,,,,,,,
130,0,"RT @SaudiNews50: #гАЦяФя:

.
сМйЦ гсйхогА яну #чМгои_гАЦяци сгяМи гАЦщзФА гАугояи ЦД гАоФА гАнАМлМи хяну сзФоМи ЦЦгкАи .

.
#чМгои_гАЦяци_А┘",,,,,,,,,,,,,,,,,,,
131,0,"RT @SaudiNews50: #гАЦяФя:

.
сМйЦ гсйхогА яну #чМгои_гАЦяци сгяМи гАЦщзФА гАугояи ЦД гАоФА гАнАМлМи хяну сзФоМи ЦЦгкАи .

.
#чМгои_гАЦяци_А┘",,,,,,,,,,,,,,,,,,,
132,0,"RT @SaudiNews50: #гАЦяФя:

.
сМйЦ гсйхогА яну #чМгои_гАЦяци сгяМи гАЦщзФА гАугояи ЦД гАоФА гАнАМлМи хяну сзФоМи ЦЦгкАи .

.
#чМгои_гАЦяци_А┘",,,,,,,,,,,,,,,,,,,
133,0,"RT @SaudiNews50: #гАЦяФя:

.
сМйЦ гсйхогА яну #чМгои_гАЦяци сгяМи гАЦщзФА гАугояи ЦД гАоФА гАнАМлМи хяну сзФоМи ЦЦгкАи .

.
#чМгои_гАЦяци_А┘",,,,,,,,,,,,,,,,,,,
134,0,"RT @SaudiNews50: #гАЦяФя:

.
сМйЦ гсйхогА яну #чМгои_гАЦяци сгяМи гАЦщзФА гАугояи ЦД гАоФА гАнАМлМи хяну сзФоМи ЦЦгкАи .

.
#чМгои_гАЦяци_А┘",,,,,,,,,,,,,,,,,,,
135,0,"RT @SaudiNews50: #гАЦяФя:

.
сМйЦ гсйхогА яну #чМгои_гАЦяци сгяМи гАЦщзФА гАугояи ЦД гАоФА гАнАМлМи хяну сзФоМи ЦЦгкАи .

.
#чМгои_гАЦяци_А┘",,,,,,,,,,,,,,,,,,,
136,0,"RT @SaudiNews50: #гАЦяФя:

.
сМйЦ гсйхогА яну #чМгои_гАЦяци сгяМи гАЦщзФА гАугояи ЦД гАоФА гАнАМлМи хяну сзФоМи ЦЦгкАи .

.
#чМгои_гАЦяци_А┘",,,,,,,,,,,,,,,,,,,
137,0,"RT @SaudiNews50: #гАЦяФя:

.
сМйЦ гсйхогА яну #чМгои_гАЦяци сгяМи гАЦщзФА гАугояи ЦД гАоФА гАнАМлМи хяну сзФоМи ЦЦгкАи .

.
#чМгои_гАЦяци_А┘",,,,,,,,,,,,,,,,,,,
138,0,"RT @SaudiNews50: #гАЦяФя:

.
сМйЦ гсйхогА яну #чМгои_гАЦяци сгяМи гАЦщзФА гАугояи ЦД гАоФА гАнАМлМи хяну сзФоМи ЦЦгкАи .

.
#чМгои_гАЦяци_А┘",,,,,,,,,,,,,,,,,,,
139,0,"RT @SaudiNews50: #гАЦяФя:

.
сМйЦ гсйхогА яну #чМгои_гАЦяци сгяМи гАЦщзФА гАугояи ЦД гАоФА гАнАМлМи хяну сзФоМи ЦЦгкАи .

.
#чМгои_гАЦяци_А┘",,,,,,,,,,,,,,,,,,,
140,0,"RT @SaudiNews50: #гАЦяФя:

.
сМйЦ гсйхогА яну #чМгои_гАЦяци сгяМи гАЦщзФА гАугояи ЦД гАоФА гАнАМлМи хяну сзФоМи ЦЦгкАи .

.
#чМгои_гАЦяци_А┘",,,,,,,,,,,,,,,,,,,
141,0,"RT @SaudiNews50: #гАЦяФя:

.
сМйЦ гсйхогА яну #чМгои_гАЦяци сгяМи гАЦщзФА гАугояи ЦД гАоФА гАнАМлМи хяну сзФоМи ЦЦгкАи .

.
#чМгои_гАЦяци_А┘",,,,,,,,,,,,,,,,,,,
142,0,"#гАЦяФя:

.
сМйЦ гсйхогА яну #чМгои_гАЦяци сгяМи гАЦщзФА гАугояи ЦД гАоФА гАнАМлМи хяну сзФоМи ЦЦгкАи .

.
#чМгои_гАЦяци_ААсМгяи",,,,,,,,,,,,,,,,,,,
143,0,"RT @SaudiNews50: #гАЦяФя:

.
сМйЦ гсйхогА яну #чМгои_гАЦяци сгяМи гАЦщзФА гАугояи ЦД гАоФА гАнАМлМи хяну сзФоМи ЦЦгкАи .

.
#чМгои_гАЦяци_А┘",,,,,,,,,,,,,,,,,,,
144,2,"RT @NAJRAN_NOW: гАЦяФя:
Аг МФло йЦММр АсМгягй гАДсга хАФм ФцячгЦ нгуи ║ хА йнжз АДщс ДыгЦ гААФмгй гАЦзЦФА хЕ мгАМг щМ гАЦгои гАсгхзи ЦД Дыг┘",,,,,,,,,,,,,,,,,,,
145,0,"RT @SaudiNews50: #гАЦяФя:

.
сМйЦ гсйхогА яну #чМгои_гАЦяци сгяМи гАЦщзФА гАугояи ЦД гАоФА гАнАМлМи хяну сзФоМи ЦЦгкАи .

.
#чМгои_гАЦяци_А┘",,,,,,,,,,,,,,,,,,,
146,1,"RT @SaudiTeachers: гЕйЦгЦ Фргяи гАйзАМЦ хмЦАи чМгои гАЦяци ААсМгяи МкМя йсгдА ДмФ200 цАщ ЦзАЦи сзФоМи ║ЕА ДмД жЦД огфяи гЕйЦгЦ Фргяи гАйзАМ┘",,,,,,,,,,,,,,,,,,,
147,0,"RT @SaudiNews50: #гАЦяФя:

.
сМйЦ гсйхогА яну #чМгои_гАЦяци сгяМи гАЦщзФА гАугояи ЦД гАоФА гАнАМлМи хяну сзФоМи ЦЦгкАи .

.
#чМгои_гАЦяци_А┘",,,,,,,,,,,,,,,,,,,
148,0,"RT @SaudiNews50: #гАЦяФя:

.
сМйЦ гсйхогА яну #чМгои_гАЦяци сгяМи гАЦщзФА гАугояи ЦД гАоФА гАнАМлМи хяну сзФоМи ЦЦгкАи .

.
#чМгои_гАЦяци_А┘",,,,,,,,,,,,,,,,,,,
149,2,"гАЦяФя:
Аг МФло йЦММр АсМгягй гАДсга хАФм ФцячгЦ нгуи ║ хА йнжз АДщс ДыгЦ гААФмгй гАЦзЦФА хЕ мгАМг щМ гАЦгои гАсгхз┘ https://t.co/NuTvXqV9tf",,,,,,,,,,,,,,,,,,,
150,0,"RT @SaudiNews50: #гАЦяФя:

.
сМйЦ гсйхогА яну #чМгои_гАЦяци сгяМи гАЦщзФА гАугояи ЦД гАоФА гАнАМлМи хяну сзФоМи ЦЦгкАи .

.
#чМгои_гАЦяци_А┘",,,,,,,,,,,,,,,,,,,
151,0,"RT @SaudiNews50: #гАЦяФя:

.
сМйЦ гсйхогА яну #чМгои_гАЦяци сгяМи гАЦщзФА гАугояи ЦД гАоФА гАнАМлМи хяну сзФоМи ЦЦгкАи .

.
#чМгои_гАЦяци_А┘",,,,,,,,,,,,,,,,,,,
152,0,"RT @SaudiNews50: #гАЦяФя:

.
сМйЦ гсйхогА яну #чМгои_гАЦяци сгяМи гАЦщзФА гАугояи ЦД гАоФА гАнАМлМи хяну сзФоМи ЦЦгкАи .

.
#чМгои_гАЦяци_А┘",,,,,,,,,,,,,,,,,,,
153,0,"RT @SaudiNews50: #гАЦяФя:

.
сМйЦ гсйхогА яну #чМгои_гАЦяци сгяМи гАЦщзФА гАугояи ЦД гАоФА гАнАМлМи хяну сзФоМи ЦЦгкАи .

.
#чМгои_гАЦяци_А┘",,,,,,,,,,,,,,,,,,,
154,0,"RT @SaudiNews50: #гАЦяФя:

.
сМйЦ гсйхогА яну #чМгои_гАЦяци сгяМи гАЦщзФА гАугояи ЦД гАоФА гАнАМлМи хяну сзФоМи ЦЦгкАи .

.
#чМгои_гАЦяци_А┘",,,,,,,,,,,,,,,,,,,
155,0,"RT @SaudiNews50: #гАЦяФя:

.
сМйЦ гсйхогА яну #чМгои_гАЦяци сгяМи гАЦщзФА гАугояи ЦД гАоФА гАнАМлМи хяну сзФоМи ЦЦгкАи .

.
#чМгои_гАЦяци_А┘",,,,,,,,,,,,,,,,,,,
156,0,"RT @SaudiNews50: #гАЦяФя:

.
сМйЦ гсйхогА яну #чМгои_гАЦяци сгяМи гАЦщзФА гАугояи ЦД гАоФА гАнАМлМи хяну сзФоМи ЦЦгкАи .

.
#чМгои_гАЦяци_А┘",,,,,,,,,,,,,,,,,,,
157,0,"RT @SaudiNews50: #гАЦяФя:

.
сМйЦ гсйхогА яну #чМгои_гАЦяци сгяМи гАЦщзФА гАугояи ЦД гАоФА гАнАМлМи хяну сзФоМи ЦЦгкАи .

.
#чМгои_гАЦяци_А┘",,,,,,,,,,,,,,,,,,,
158,0,"RT @SaudiNews50: #гАЦяФя:

.
сМйЦ гсйхогА яну #чМгои_гАЦяци сгяМи гАЦщзФА гАугояи ЦД гАоФА гАнАМлМи хяну сзФоМи ЦЦгкАи .

.
#чМгои_гАЦяци_А┘",,,,,,,,,,,,,,,,,,,
159,0,"RT @saudistuf: #гАЦяФя:

.
сМйЦ гсйхогА яну #чМгои_гАЦяци сгяМи гАЦщзФА гАугояи ЦД гАоФА гАнАМлМи хяну сзФоМи ЦЦгкАи .

.
#чМгои_гАЦяци_ААс┘",,,,,,,,,,,,,,,,,,,
160,0,"RT @SaudiNews50: #гАЦяФя:

.
сМйЦ гсйхогА яну #чМгои_гАЦяци сгяМи гАЦщзФА гАугояи ЦД гАоФА гАнАМлМи хяну сзФоМи ЦЦгкАи .

.
#чМгои_гАЦяци_А┘",,,,,,,,,,,,,,,,,,,
161,0,"RT @SaudiNews50: #гАЦяФя:

.
сМйЦ гсйхогА яну #чМгои_гАЦяци сгяМи гАЦщзФА гАугояи ЦД гАоФА гАнАМлМи хяну сзФоМи ЦЦгкАи .

.
#чМгои_гАЦяци_А┘",,,,,,,,,,,,,,,,,,,
162,0,"RT @SaudiNews50: #гАЦяФя:

.
сМйЦ гсйхогА яну #чМгои_гАЦяци сгяМи гАЦщзФА гАугояи ЦД гАоФА гАнАМлМи хяну сзФоМи ЦЦгкАи .

.
#чМгои_гАЦяци_А┘",,,,,,,,,,,,,,,,,,,
163,0,"RT @SaudiNews50: #гАЦяФя:

.
сМйЦ гсйхогА яну #чМгои_гАЦяци сгяМи гАЦщзФА гАугояи ЦД гАоФА гАнАМлМи хяну сзФоМи ЦЦгкАи .

.
#чМгои_гАЦяци_А┘",,,,,,,,,,,,,,,,,,,
164,0,"RT @SaudiNews50: #гАЦяФя:

.
сМйЦ гсйхогА яну #чМгои_гАЦяци сгяМи гАЦщзФА гАугояи ЦД гАоФА гАнАМлМи хяну сзФоМи ЦЦгкАи .

.
#чМгои_гАЦяци_А┘",,,,,,,,,,,,,,,,,,,
165,0,"RT @SaudiNews50: #гАЦяФя:

.
сМйЦ гсйхогА яну #чМгои_гАЦяци сгяМи гАЦщзФА гАугояи ЦД гАоФА гАнАМлМи хяну сзФоМи ЦЦгкАи .

.
#чМгои_гАЦяци_А┘",,,,,,,,,,,,,,,,,,,
166,0,"RT @SaudiNews50: #гАЦяФя:

.
сМйЦ гсйхогА яну #чМгои_гАЦяци сгяМи гАЦщзФА гАугояи ЦД гАоФА гАнАМлМи хяну сзФоМи ЦЦгкАи .

.
#чМгои_гАЦяци_А┘",,,,,,,,,,,,,,,,,,,
167,0,"RT @SaudiNews50: #гАЦяФя:

.
сМйЦ гсйхогА яну #чМгои_гАЦяци сгяМи гАЦщзФА гАугояи ЦД гАоФА гАнАМлМи хяну сзФоМи ЦЦгкАи .

.
#чМгои_гАЦяци_А┘",,,,,,,,,,,,,,,,,,,
168,0,"RT @SaudiNews50: #гАЦяФя:

.
сМйЦ гсйхогА яну #чМгои_гАЦяци сгяМи гАЦщзФА гАугояи ЦД гАоФА гАнАМлМи хяну сзФоМи ЦЦгкАи .

.
#чМгои_гАЦяци_А┘",,,,,,,,,,,,,,,,,,,
169,-1,RT @888Fefee: @SayHend ЕпФАг гАзгЕяМД йАгчМЕЦ  гФАМга  ФмоЕ сзФоМЕ  Ф МДгхмФг жо чМгои гАЦягЕ Фгсчгь гАФАгМЕ Фгъхя гЕйЦгЦгйЕЦ гАоМДМДЕ ъМщ┘,,,,,,,,,,,,,,,,,,,
170,0,"RT @SaudiNews50: #гАЦяФя:

.
сМйЦ гсйхогА яну #чМгои_гАЦяци сгяМи гАЦщзФА гАугояи ЦД гАоФА гАнАМлМи хяну сзФоМи ЦЦгкАи .

.
#чМгои_гАЦяци_А┘",,,,,,,,,,,,,,,,,,,
171,0,"RT @SaudiNews50: #гАЦяФя:

.
сМйЦ гсйхогА яну #чМгои_гАЦяци сгяМи гАЦщзФА гАугояи ЦД гАоФА гАнАМлМи хяну сзФоМи ЦЦгкАи .

.
#чМгои_гАЦяци_А┘",,,,,,,,,,,,,,,,,,,
172,0,"RT @SaudiNews50: #гАЦяФя:

.
сМйЦ гсйхогА яну #чМгои_гАЦяци сгяМи гАЦщзФА гАугояи ЦД гАоФА гАнАМлМи хяну сзФоМи ЦЦгкАи .

.
#чМгои_гАЦяци_А┘",,,,,,,,,,,,,,,,,,,
173,0,"RT @SaudiNews50: #гАЦяФя:

.
сМйЦ гсйхогА яну #чМгои_гАЦяци сгяМи гАЦщзФА гАугояи ЦД гАоФА гАнАМлМи хяну сзФоМи ЦЦгкАи .

.
#чМгои_гАЦяци_А┘",,,,,,,,,,,,,,,,,,,
174,0,"RT @SaudiNews50: #гАЦяФя:

.
сМйЦ гсйхогА яну #чМгои_гАЦяци сгяМи гАЦщзФА гАугояи ЦД гАоФА гАнАМлМи хяну сзФоМи ЦЦгкАи .

.
#чМгои_гАЦяци_А┘",,,,,,,,,,,,,,,,,,,
175,0,"RT @SaudiNews50: #гАЦяФя:

.
сМйЦ гсйхогА яну #чМгои_гАЦяци сгяМи гАЦщзФА гАугояи ЦД гАоФА гАнАМлМи хяну сзФоМи ЦЦгкАи .

.
#чМгои_гАЦяци_А┘",,,,,,,,,,,,,,,,,,,
176,0,"RT @SaudiNews50: #гАЦяФя:

.
сМйЦ гсйхогА яну #чМгои_гАЦяци сгяМи гАЦщзФА гАугояи ЦД гАоФА гАнАМлМи хяну сзФоМи ЦЦгкАи .

.
#чМгои_гАЦяци_А┘",,,,,,,,,,,,,,,,,,,
177,0,"RT @SaudiNews50: #гАЦяФя:

.
сМйЦ гсйхогА яну #чМгои_гАЦяци сгяМи гАЦщзФА гАугояи ЦД гАоФА гАнАМлМи хяну сзФоМи ЦЦгкАи .

.
#чМгои_гАЦяци_А┘",,,,,,,,,,,,,,,,,,,
178,0,"RT @SaudiNews50: #гАЦяФя:

.
сМйЦ гсйхогА яну #чМгои_гАЦяци сгяМи гАЦщзФА гАугояи ЦД гАоФА гАнАМлМи хяну сзФоМи ЦЦгкАи .

.
#чМгои_гАЦяци_А┘",,,,,,,,,,,,,,,,,,,
179,0,"RT @SaudiNews50: #гАЦяФя:

.
сМйЦ гсйхогА яну #чМгои_гАЦяци сгяМи гАЦщзФА гАугояи ЦД гАоФА гАнАМлМи хяну сзФоМи ЦЦгкАи .

.
#чМгои_гАЦяци_А┘",,,,,,,,,,,,,,,,,,,
180,0,"RT @SaudiNews50: #гАЦяФя:

.
сМйЦ гсйхогА яну #чМгои_гАЦяци сгяМи гАЦщзФА гАугояи ЦД гАоФА гАнАМлМи хяну сзФоМи ЦЦгкАи .

.
#чМгои_гАЦяци_А┘",,,,,,,,,,,,,,,,,,,
181,0,"RT @SaudiNews50: #гАЦяФя:

.
сМйЦ гсйхогА яну #чМгои_гАЦяци сгяМи гАЦщзФА гАугояи ЦД гАоФА гАнАМлМи хяну сзФоМи ЦЦгкАи .

.
#чМгои_гАЦяци_А┘",,,,,,,,,,,,,,,,,,,
182,0,"RT @SaudiNews50: #гАЦяФя:

.
сМйЦ гсйхогА яну #чМгои_гАЦяци сгяМи гАЦщзФА гАугояи ЦД гАоФА гАнАМлМи хяну сзФоМи ЦЦгкАи .

.
#чМгои_гАЦяци_А┘",,,,,,,,,,,,,,,,,,,
183,0,"<U+2747><U+FE0F> #зглА ..

#гАЦяФя :
<ed><U+00A0><U+00BD><ed><U+00B4><U+00BA> сМйЦ гсйхогА яну чМгои гАЦяци сгяМи гАЦщзФА гАугояи ЦД гАоФА гАнАМлМи хяну сзФоМи ЦЦгкАи.┘ https://t.co/VlRhRVTwpg",,,,,,,,,,,,,,,,,,,
184,0,"RT @SaudiNewsSource: #гАЦяФя:

.
сМйЦ гсйхогА яну #чМгои_гАЦяци сгяМи гАЦщзФА гАугояи ЦД гАоФА гАнАМлМи хяну сзФоМи ЦЦгкАи .

.
#чМгои_гАЦя┘",,,,,,,,,,,,,,,,,,,
185,0,"RT @SaudiNews50: #гАЦяФя:

.
сМйЦ гсйхогА яну #чМгои_гАЦяци сгяМи гАЦщзФА гАугояи ЦД гАоФА гАнАМлМи хяну сзФоМи ЦЦгкАи .

.
#чМгои_гАЦяци_А┘",,,,,,,,,,,,,,,,,,,
186,0,"RT @SaudiNews50: #гАЦяФя:

.
сМйЦ гсйхогА яну #чМгои_гАЦяци сгяМи гАЦщзФА гАугояи ЦД гАоФА гАнАМлМи хяну сзФоМи ЦЦгкАи .

.
#чМгои_гАЦяци_А┘",,,,,,,,,,,,,,,,,,,
187,0,"#гАЦяФя:

.
сМйЦ гсйхогА яну #чМгои_гАЦяци сгяМи гАЦщзФА гАугояи ЦД гАоФА гАнАМлМи хяну сзФоМи ЦЦгкАи .

.
#чМгои_гАЦяци_ААсМгяи",,,,,,,,,,,,,,,,,,,
188,0,"RT @SaudiNewsSource: #гАЦяФя:

.
сМйЦ гсйхогА яну #чМгои_гАЦяци сгяМи гАЦщзФА гАугояи ЦД гАоФА гАнАМлМи хяну сзФоМи ЦЦгкАи .

.
#чМгои_гАЦя┘",,,,,,,,,,,,,,,,,,,
189,0,"RT @SaudiNewsSource: #гАЦяФя:

.
сМйЦ гсйхогА яну #чМгои_гАЦяци сгяМи гАЦщзФА гАугояи ЦД гАоФА гАнАМлМи хяну сзФоМи ЦЦгкАи .

.
#чМгои_гАЦя┘",,,,,,,,,,,,,,,,,,,
190,0,"RT @SaudiNewsSource: #гАЦяФя:

.
сМйЦ гсйхогА яну #чМгои_гАЦяци сгяМи гАЦщзФА гАугояи ЦД гАоФА гАнАМлМи хяну сзФоМи ЦЦгкАи .

.
#чМгои_гАЦя┘",,,,,,,,,,,,,,,,,,,
191,0,"RT @SaudiNews50: #гАЦяФя:

.
сМйЦ гсйхогА яну #чМгои_гАЦяци сгяМи гАЦщзФА гАугояи ЦД гАоФА гАнАМлМи хяну сзФоМи ЦЦгкАи .

.
#чМгои_гАЦяци_А┘",,,,,,,,,,,,,,,,,,,
192,0,"RT @SaudiNewsSource: #гАЦяФя:

.
сМйЦ гсйхогА яну #чМгои_гАЦяци сгяМи гАЦщзФА гАугояи ЦД гАоФА гАнАМлМи хяну сзФоМи ЦЦгкАи .

.
#чМгои_гАЦя┘",,,,,,,,,,,,,,,,,,,
193,0,"RT @SaudiNewsSource: #гАЦяФя:

.
сМйЦ гсйхогА яну #чМгои_гАЦяци сгяМи гАЦщзФА гАугояи ЦД гАоФА гАнАМлМи хяну сзФоМи ЦЦгкАи .

.
#чМгои_гАЦя┘",,,,,,,,,,,,,,,,,,,
194,0,"RT @SaudiNews50: #гАЦяФя:

.
сМйЦ гсйхогА яну #чМгои_гАЦяци сгяМи гАЦщзФА гАугояи ЦД гАоФА гАнАМлМи хяну сзФоМи ЦЦгкАи .

.
#чМгои_гАЦяци_А┘",,,,,,,,,,,,,,,,,,,
195,0,"RT @SaudiNewsSource: #гАЦяФя:

.
сМйЦ гсйхогА яну #чМгои_гАЦяци сгяМи гАЦщзФА гАугояи ЦД гАоФА гАнАМлМи хяну сзФоМи ЦЦгкАи .

.
#чМгои_гАЦя┘",,,,,,,,,,,,,,,,,,,
196,0,"RT @SaudiNewsSource: #гАЦяФя:

.
сМйЦ гсйхогА яну #чМгои_гАЦяци сгяМи гАЦщзФА гАугояи ЦД гАоФА гАнАМлМи хяну сзФоМи ЦЦгкАи .

.
#чМгои_гАЦя┘",,,,,,,,,,,,,,,,,,,
197,0,"RT @SaudiNewsSource: #гАЦяФя:

.
сМйЦ гсйхогА яну #чМгои_гАЦяци сгяМи гАЦщзФА гАугояи ЦД гАоФА гАнАМлМи хяну сзФоМи ЦЦгкАи .

.
#чМгои_гАЦя┘",,,,,,,,,,,,,,,,,,,
198,0,"RT @SaudiNewsSource: #гАЦяФя:

.
сМйЦ гсйхогА яну #чМгои_гАЦяци сгяМи гАЦщзФА гАугояи ЦД гАоФА гАнАМлМи хяну сзФоМи ЦЦгкАи .

.
#чМгои_гАЦя┘",,,,,,,,,,,,,,,,,,,
199,0,"RT @SaudiNews50: #гАЦяФя:

.
сМйЦ гсйхогА яну #чМгои_гАЦяци сгяМи гАЦщзФА гАугояи ЦД гАоФА гАнАМлМи хяну сзФоМи ЦЦгкАи .

.
#чМгои_гАЦяци_А┘",,,,,,,,,,,,,,,,,,,
200,0,"RT @SaudiNewsSource: #гАЦяФя:

.
сМйЦ гсйхогА яну #чМгои_гАЦяци сгяМи гАЦщзФА гАугояи ЦД гАоФА гАнАМлМи хяну сзФоМи ЦЦгкАи .

.
#чМгои_гАЦя┘",,,,,,,,,,,,,,,,,,,
201,0,"RT @SaudiNewsSource: #гАЦяФя:

.
сМйЦ гсйхогА яну #чМгои_гАЦяци сгяМи гАЦщзФА гАугояи ЦД гАоФА гАнАМлМи хяну сзФоМи ЦЦгкАи .

.
#чМгои_гАЦя┘",,,,,,,,,,,,,,,,,,,
202,0,"RT @SaudiNewsSource: #гАЦяФя:

.
сМйЦ гсйхогА яну #чМгои_гАЦяци сгяМи гАЦщзФА гАугояи ЦД гАоФА гАнАМлМи хяну сзФоМи ЦЦгкАи .

.
#чМгои_гАЦя┘",,,,,,,,,,,,,,,,,,,
203,0,"RT @SaudiNewsSource: #гАЦяФя:

.
сМйЦ гсйхогА яну #чМгои_гАЦяци сгяМи гАЦщзФА гАугояи ЦД гАоФА гАнАМлМи хяну сзФоМи ЦЦгкАи .

.
#чМгои_гАЦя┘",,,,,,,,,,,,,,,,,,,
204,0,"RT @SaudiNews50: #гАЦяФя:

.
сМйЦ гсйхогА яну #чМгои_гАЦяци сгяМи гАЦщзФА гАугояи ЦД гАоФА гАнАМлМи хяну сзФоМи ЦЦгкАи .

.
#чМгои_гАЦяци_А┘",,,,,,,,,,,,,,,,,,,
205,0,"RT @SaudiNewsSource: #гАЦяФя:

.
сМйЦ гсйхогА яну #чМгои_гАЦяци сгяМи гАЦщзФА гАугояи ЦД гАоФА гАнАМлМи хяну сзФоМи ЦЦгкАи .

.
#чМгои_гАЦя┘",,,,,,,,,,,,,,,,,,,
206,0,"RT @SaudiNewsSource: #гАЦяФя:

.
сМйЦ гсйхогА яну #чМгои_гАЦяци сгяМи гАЦщзФА гАугояи ЦД гАоФА гАнАМлМи хяну сзФоМи ЦЦгкАи .

.
#чМгои_гАЦя┘",,,,,,,,,,,,,,,,,,,
207,0,"RT @SaudiNewsSource: #гАЦяФя:

.
сМйЦ гсйхогА яну #чМгои_гАЦяци сгяМи гАЦщзФА гАугояи ЦД гАоФА гАнАМлМи хяну сзФоМи ЦЦгкАи .

.
#чМгои_гАЦя┘",,,,,,,,,,,,,,,,,,,
208,0,"RT @SaudiNewsSource: #гАЦяФя:

.
сМйЦ гсйхогА яну #чМгои_гАЦяци сгяМи гАЦщзФА гАугояи ЦД гАоФА гАнАМлМи хяну сзФоМи ЦЦгкАи .

.
#чМгои_гАЦя┘",,,,,,,,,,,,,,,,,,,
209,0,"RT @SaudiNewsSource: #гАЦяФя:

.
сМйЦ гсйхогА яну #чМгои_гАЦяци сгяМи гАЦщзФА гАугояи ЦД гАоФА гАнАМлМи хяну сзФоМи ЦЦгкАи .

.
#чМгои_гАЦя┘",,,,,,,,,,,,,,,,,,,
210,0,"RT @SaudiNewsSource: #гАЦяФя:

.
сМйЦ гсйхогА яну #чМгои_гАЦяци сгяМи гАЦщзФА гАугояи ЦД гАоФА гАнАМлМи хяну сзФоМи ЦЦгкАи .

.
#чМгои_гАЦя┘",,,,,,,,,,,,,,,,,,,
211,0,"RT @SaudiNewsSource: #гАЦяФя:

.
сМйЦ гсйхогА яну #чМгои_гАЦяци сгяМи гАЦщзФА гАугояи ЦД гАоФА гАнАМлМи хяну сзФоМи ЦЦгкАи .

.
#чМгои_гАЦя┘",,,,,,,,,,,,,,,,,,,
212,0,"RT @SaudiNewsSource: #гАЦяФя:

.
сМйЦ гсйхогА яну #чМгои_гАЦяци сгяМи гАЦщзФА гАугояи ЦД гАоФА гАнАМлМи хяну сзФоМи ЦЦгкАи .

.
#чМгои_гАЦя┘",,,,,,,,,,,,,,,,,,,
213,0,"RT @SaudiNewsSource: #гАЦяФя:

.
сМйЦ гсйхогА яну #чМгои_гАЦяци сгяМи гАЦщзФА гАугояи ЦД гАоФА гАнАМлМи хяну сзФоМи ЦЦгкАи .

.
#чМгои_гАЦя┘",,,,,,,,,,,,,,,,,,,
214,0,"RT @SaudiNewsSource: #гАЦяФя:

.
сМйЦ гсйхогА яну #чМгои_гАЦяци сгяМи гАЦщзФА гАугояи ЦД гАоФА гАнАМлМи хяну сзФоМи ЦЦгкАи .

.
#чМгои_гАЦя┘",,,,,,,,,,,,,,,,,,,
215,0,"RT @SaudiNewsSource: #гАЦяФя:

.
сМйЦ гсйхогА яну #чМгои_гАЦяци сгяМи гАЦщзФА гАугояи ЦД гАоФА гАнАМлМи хяну сзФоМи ЦЦгкАи .

.
#чМгои_гАЦя┘",,,,,,,,,,,,,,,,,,,
216,0,"RT @SaudiNewsSource: #гАЦяФя:

.
сМйЦ гсйхогА яну #чМгои_гАЦяци сгяМи гАЦщзФА гАугояи ЦД гАоФА гАнАМлМи хяну сзФоМи ЦЦгкАи .

.
#чМгои_гАЦя┘",,,,,,,,,,,,,,,,,,,
217,0,"RT @SaudiNewsSource: #гАЦяФя:

.
сМйЦ гсйхогА яну #чМгои_гАЦяци сгяМи гАЦщзФА гАугояи ЦД гАоФА гАнАМлМи хяну сзФоМи ЦЦгкАи .

.
#чМгои_гАЦя┘",,,,,,,,,,,,,,,,,,,
218,0,"RT @SaudiNewsSource: #гАЦяФя:

.
сМйЦ гсйхогА яну #чМгои_гАЦяци сгяМи гАЦщзФА гАугояи ЦД гАоФА гАнАМлМи хяну сзФоМи ЦЦгкАи .

.
#чМгои_гАЦя┘",,,,,,,,,,,,,,,,,,,
219,0,"RT @SaudiNewsSource: #гАЦяФя:

.
сМйЦ гсйхогА яну #чМгои_гАЦяци сгяМи гАЦщзФА гАугояи ЦД гАоФА гАнАМлМи хяну сзФоМи ЦЦгкАи .

.
#чМгои_гАЦя┘",,,,,,,,,,,,,,,,,,,
220,0,"RT @SaudiNewsSource: #гАЦяФя:

.
сМйЦ гсйхогА яну #чМгои_гАЦяци сгяМи гАЦщзФА гАугояи ЦД гАоФА гАнАМлМи хяну сзФоМи ЦЦгкАи .

.
#чМгои_гАЦя┘",,,,,,,,,,,,,,,,,,,
221,0,"RT @SaudiNewsSource: #гАЦяФя:

.
сМйЦ гсйхогА яну #чМгои_гАЦяци сгяМи гАЦщзФА гАугояи ЦД гАоФА гАнАМлМи хяну сзФоМи ЦЦгкАи .

.
#чМгои_гАЦя┘",,,,,,,,,,,,,,,,,,,
222,0,"RT @SaudiNewsSource: #гАЦяФя:

.
сМйЦ гсйхогА яну #чМгои_гАЦяци сгяМи гАЦщзФА гАугояи ЦД гАоФА гАнАМлМи хяну сзФоМи ЦЦгкАи .

.
#чМгои_гАЦя┘",,,,,,,,,,,,,,,,,,,
223,0,"RT @SaudiNews50: #гАЦяФя:

.
сМйЦ гсйхогА яну #чМгои_гАЦяци сгяМи гАЦщзФА гАугояи ЦД гАоФА гАнАМлМи хяну сзФоМи ЦЦгкАи .

.
#чМгои_гАЦяци_А┘",,,,,,,,,,,,,,,,,,,
224,0,"RT @SaudiNews50: #гАЦяФя:

.
сМйЦ гсйхогА яну #чМгои_гАЦяци сгяМи гАЦщзФА гАугояи ЦД гАоФА гАнАМлМи хяну сзФоМи ЦЦгкАи .

.
#чМгои_гАЦяци_А┘",,,,,,,,,,,,,,,,,,,
225,0,"RT @SaudiNews50: #гАЦяФя:

.
сМйЦ гсйхогА яну #чМгои_гАЦяци сгяМи гАЦщзФА гАугояи ЦД гАоФА гАнАМлМи хяну сзФоМи ЦЦгкАи .

.
#чМгои_гАЦяци_А┘",,,,,,,,,,,,,,,,,,,
226,0,"RT @SaudiNews50: #гАЦяФя:

.
сМйЦ гсйхогА яну #чМгои_гАЦяци сгяМи гАЦщзФА гАугояи ЦД гАоФА гАнАМлМи хяну сзФоМи ЦЦгкАи .

.
#чМгои_гАЦяци_А┘",,,,,,,,,,,,,,,,,,,
227,0,"RT @SaudiNews50: #гАЦяФя:

.
сМйЦ гсйхогА яну #чМгои_гАЦяци сгяМи гАЦщзФА гАугояи ЦД гАоФА гАнАМлМи хяну сзФоМи ЦЦгкАи .

.
#чМгои_гАЦяци_А┘",,,,,,,,,,,,,,,,,,,
228,0,"RT @SaudiNews50: #гАЦяФя:

.
сМйЦ гсйхогА яну #чМгои_гАЦяци сгяМи гАЦщзФА гАугояи ЦД гАоФА гАнАМлМи хяну сзФоМи ЦЦгкАи .

.
#чМгои_гАЦяци_А┘",,,,,,,,,,,,,,,,,,,
229,0,"RT @alhayat_ksa: ╚#цягЦъФ╩: 10 ЦАгММД сзФоМи ФЦчМЦи ЦсЦФм АЕД хчМгои гАЦяъхгй
https://t.co/enkgyTiRYf
#гАсзФоМи 
#чМгои_гАЦяци_гАсМгяи http┘",,,,,,,,,,,,,,,,,,,
230,0,"RT @SaudiNews50: #гАЦяФя:

.
сМйЦ гсйхогА яну #чМгои_гАЦяци сгяМи гАЦщзФА гАугояи ЦД гАоФА гАнАМлМи хяну сзФоМи ЦЦгкАи .

.
#чМгои_гАЦяци_А┘",,,,,,,,,,,,,,,,,,,
231,0,"RT @SaudiNews50: #гАЦяФя:

.
сМйЦ гсйхогА яну #чМгои_гАЦяци сгяМи гАЦщзФА гАугояи ЦД гАоФА гАнАМлМи хяну сзФоМи ЦЦгкАи .

.
#чМгои_гАЦяци_А┘",,,,,,,,,,,,,,,,,,,
232,0,"RT @SaudiNews50: #гАЦяФя:

.
сМйЦ гсйхогА яну #чМгои_гАЦяци сгяМи гАЦщзФА гАугояи ЦД гАоФА гАнАМлМи хяну сзФоМи ЦЦгкАи .

.
#чМгои_гАЦяци_А┘",,,,,,,,,,,,,,,,,,,
233,0,"RT @SaudiNews50: #гАЦяФя:

.
сМйЦ гсйхогА яну #чМгои_гАЦяци сгяМи гАЦщзФА гАугояи ЦД гАоФА гАнАМлМи хяну сзФоМи ЦЦгкАи .

.
#чМгои_гАЦяци_А┘",,,,,,,,,,,,,,,,,,,
234,0,"RT @SaudiNews50: #гАЦяФя:

.
сМйЦ гсйхогА яну #чМгои_гАЦяци сгяМи гАЦщзФА гАугояи ЦД гАоФА гАнАМлМи хяну сзФоМи ЦЦгкАи .

.
#чМгои_гАЦяци_А┘",,,,,,,,,,,,,,,,,,,
235,0,"RT @SaudiNews50: #гАЦяФя:

.
сМйЦ гсйхогА яну #чМгои_гАЦяци сгяМи гАЦщзФА гАугояи ЦД гАоФА гАнАМлМи хяну сзФоМи ЦЦгкАи .

.
#чМгои_гАЦяци_А┘",,,,,,,,,,,,,,,,,,,
236,0,"RT @SaudiNews50: #гАЦяФя:

.
сМйЦ гсйхогА яну #чМгои_гАЦяци сгяМи гАЦщзФА гАугояи ЦД гАоФА гАнАМлМи хяну сзФоМи ЦЦгкАи .

.
#чМгои_гАЦяци_А┘",,,,,,,,,,,,,,,,,,,
237,0,"RT @SaudiNews50: #гАЦяФя:

.
сМйЦ гсйхогА яну #чМгои_гАЦяци сгяМи гАЦщзФА гАугояи ЦД гАоФА гАнАМлМи хяну сзФоМи ЦЦгкАи .

.
#чМгои_гАЦяци_А┘",,,,,,,,,,,,,,,,,,,
238,0,"RT @SaudiNews50: #гАЦяФя:

.
сМйЦ гсйхогА яну #чМгои_гАЦяци сгяМи гАЦщзФА гАугояи ЦД гАоФА гАнАМлМи хяну сзФоМи ЦЦгкАи .

.
#чМгои_гАЦяци_А┘",,,,,,,,,,,,,,,,,,,
239,0,"RT @SaudiNews50: #гАЦяФя:

.
сМйЦ гсйхогА яну #чМгои_гАЦяци сгяМи гАЦщзФА гАугояи ЦД гАоФА гАнАМлМи хяну сзФоМи ЦЦгкАи .

.
#чМгои_гАЦяци_А┘",,,,,,,,,,,,,,,,,,,
240,0,"RT @SaudiNews50: #гАЦяФя:

.
сМйЦ гсйхогА яну #чМгои_гАЦяци сгяМи гАЦщзФА гАугояи ЦД гАоФА гАнАМлМи хяну сзФоМи ЦЦгкАи .

.
#чМгои_гАЦяци_А┘",,,,,,,,,,,,,,,,,,,
241,0,"RT @SaudiNews50: #гАЦяФя:

.
сМйЦ гсйхогА яну #чМгои_гАЦяци сгяМи гАЦщзФА гАугояи ЦД гАоФА гАнАМлМи хяну сзФоМи ЦЦгкАи .

.
#чМгои_гАЦяци_А┘",,,,,,,,,,,,,,,,,,,
242,0,"RT @SaudiNews50: #гАЦяФя:

.
сМйЦ гсйхогА яну #чМгои_гАЦяци сгяМи гАЦщзФА гАугояи ЦД гАоФА гАнАМлМи хяну сзФоМи ЦЦгкАи .

.
#чМгои_гАЦяци_А┘",,,,,,,,,,,,,,,,,,,
243,0,"RT @SaudiNews50: #гАЦяФя:

.
сМйЦ гсйхогА яну #чМгои_гАЦяци сгяМи гАЦщзФА гАугояи ЦД гАоФА гАнАМлМи хяну сзФоМи ЦЦгкАи .

.
#чМгои_гАЦяци_А┘",,,,,,,,,,,,,,,,,,,
244,0,"RT @SaudiNews50: #гАЦяФя:

.
сМйЦ гсйхогА яну #чМгои_гАЦяци сгяМи гАЦщзФА гАугояи ЦД гАоФА гАнАМлМи хяну сзФоМи ЦЦгкАи .

.
#чМгои_гАЦяци_А┘",,,,,,,,,,,,,,,,,,,
245,0,"RT @SaudiNews50: #гАЦяФя:

.
сМйЦ гсйхогА яну #чМгои_гАЦяци сгяМи гАЦщзФА гАугояи ЦД гАоФА гАнАМлМи хяну сзФоМи ЦЦгкАи .

.
#чМгои_гАЦяци_А┘",,,,,,,,,,,,,,,,,,,
246,0,"#гАЦяФя:

.
сМйЦ гсйхогА яну #чМгои_гАЦяци сгяМи гАЦщзФА гАугояи ЦД гАоФА гАнАМлМи хяну сзФоМи ЦЦгкАи .

.┘ https://t.co/7KDe17uyNE",,,,,,,,,,,,,,,,,,,
247,0,"RT @SaudiNews50: #гАЦяФя:

.
сМйЦ гсйхогА яну #чМгои_гАЦяци сгяМи гАЦщзФА гАугояи ЦД гАоФА гАнАМлМи хяну сзФоМи ЦЦгкАи .

.
#чМгои_гАЦяци_А┘",,,,,,,,,,,,,,,,,,,
248,0,"RT @SaudiNews50: #гАЦяФя:

.
сМйЦ гсйхогА яну #чМгои_гАЦяци сгяМи гАЦщзФА гАугояи ЦД гАоФА гАнАМлМи хяну сзФоМи ЦЦгкАи .

.
#чМгои_гАЦяци_А┘",,,,,,,,,,,,,,,,,,,
249,0,"RT @SaudiNews50: #гАЦяФя:

.
сМйЦ гсйхогА яну #чМгои_гАЦяци сгяМи гАЦщзФА гАугояи ЦД гАоФА гАнАМлМи хяну сзФоМи ЦЦгкАи .

.
#чМгои_гАЦяци_А┘",,,,,,,,,,,,,,,,,,,
250,0,"RT @SaudiNews50: #гАЦяФя:

.
сМйЦ гсйхогА яну #чМгои_гАЦяци сгяМи гАЦщзФА гАугояи ЦД гАоФА гАнАМлМи хяну сзФоМи ЦЦгкАи .

.
#чМгои_гАЦяци_А┘",,,,,,,,,,,,,,,,,,,
251,0,"RT @SaudiNews50: #гАЦяФя:

.
сМйЦ гсйхогА яну #чМгои_гАЦяци сгяМи гАЦщзФА гАугояи ЦД гАоФА гАнАМлМи хяну сзФоМи ЦЦгкАи .

.
#чМгои_гАЦяци_А┘",,,,,,,,,,,,,,,,,,,
252,0,"RT @SaudiNews50: #гАЦяФя:

.
сМйЦ гсйхогА яну #чМгои_гАЦяци сгяМи гАЦщзФА гАугояи ЦД гАоФА гАнАМлМи хяну сзФоМи ЦЦгкАи .

.
#чМгои_гАЦяци_А┘",,,,,,,,,,,,,,,,,,,
253,0,"RT @SaudiNews50: #гАЦяФя:

.
сМйЦ гсйхогА яну #чМгои_гАЦяци сгяМи гАЦщзФА гАугояи ЦД гАоФА гАнАМлМи хяну сзФоМи ЦЦгкАи .

.
#чМгои_гАЦяци_А┘",,,,,,,,,,,,,,,,,,,
254,0,"RT @SaudiNews50: #гАЦяФя:

.
сМйЦ гсйхогА яну #чМгои_гАЦяци сгяМи гАЦщзФА гАугояи ЦД гАоФА гАнАМлМи хяну сзФоМи ЦЦгкАи .

.
#чМгои_гАЦяци_А┘",,,,,,,,,,,,,,,,,,,
255,0,"RT @SaudiNews50: #гАЦяФя:

.
сМйЦ гсйхогА яну #чМгои_гАЦяци сгяМи гАЦщзФА гАугояи ЦД гАоФА гАнАМлМи хяну сзФоМи ЦЦгкАи .

.
#чМгои_гАЦяци_А┘",,,,,,,,,,,,,,,,,,,
256,0,"#гАЦяФя:

.
сМйЦ гсйхогА яну #чМгои_гАЦяци сгяМи гАЦщзФА гАугояи ЦД гАоФА гАнАМлМи хяну сзФоМи ЦЦгкАи .

.
#чМгои_гАЦяци_ААсМгяи",,,,,,,,,,,,,,,,,,,
257,0,"RT @SaudiNews50: #гАЦяФя:

.
сМйЦ гсйхогА яну #чМгои_гАЦяци сгяМи гАЦщзФА гАугояи ЦД гАоФА гАнАМлМи хяну сзФоМи ЦЦгкАи .

.
#чМгои_гАЦяци_А┘",,,,,,,,,,,,,,,,,,,
258,0,"RT @almsd3r: #гАЦяФя:

.
сМйЦ гсйхогА яну #чМгои_гАЦяци сгяМи гАЦщзФА гАугояи ЦД гАоФА гАнАМлМи хяну сзФоМи ЦЦгкАи .

.
#чМгои_гАЦяци_ААсМг┘",,,,,,,,,,,,,,,,,,,
259,0,"RT @SaudiNews50: #гАЦяФя:

.
сМйЦ гсйхогА яну #чМгои_гАЦяци сгяМи гАЦщзФА гАугояи ЦД гАоФА гАнАМлМи хяну сзФоМи ЦЦгкАи .

.
#чМгои_гАЦяци_А┘",,,,,,,,,,,,,,,,,,,
260,0,"RT @SaudiNews50: #гАЦяФя:

.
сМйЦ гсйхогА яну #чМгои_гАЦяци сгяМи гАЦщзФА гАугояи ЦД гАоФА гАнАМлМи хяну сзФоМи ЦЦгкАи .

.
#чМгои_гАЦяци_А┘",,,,,,,,,,,,,,,,,,,
261,0,"RT @SaudiNews50: #гАЦяФя:

.
сМйЦ гсйхогА яну #чМгои_гАЦяци сгяМи гАЦщзФА гАугояи ЦД гАоФА гАнАМлМи хяну сзФоМи ЦЦгкАи .

.
#чМгои_гАЦяци_А┘",,,,,,,,,,,,,,,,,,,
262,0,"RT @SaudiNews50: #гАЦяФя:

.
сМйЦ гсйхогА яну #чМгои_гАЦяци сгяМи гАЦщзФА гАугояи ЦД гАоФА гАнАМлМи хяну сзФоМи ЦЦгкАи .

.
#чМгои_гАЦяци_А┘",,,,,,,,,,,,,,,,,,,
263,0,"RT @SaudiNews50: #гАЦяФя:

.
сМйЦ гсйхогА яну #чМгои_гАЦяци сгяМи гАЦщзФА гАугояи ЦД гАоФА гАнАМлМи хяну сзФоМи ЦЦгкАи .

.
#чМгои_гАЦяци_А┘",,,,,,,,,,,,,,,,,,,
264,0,"RT @SaudiNews50: #гАЦяФя:

.
сМйЦ гсйхогА яну #чМгои_гАЦяци сгяМи гАЦщзФА гАугояи ЦД гАоФА гАнАМлМи хяну сзФоМи ЦЦгкАи .

.
#чМгои_гАЦяци_А┘",,,,,,,,,,,,,,,,,,,
265,0,"#гАЦяФя:
сМйЦ гсйхогА яну #чМгои_гАЦяци сгяМи гАЦщзФА гАугояи ЦД гАоФА гАнАМлМи хяну сзФоМи ЦЦгкАи .

#чМгои_гАЦяци_ААсМгяи",,,,,,,,,,,,,,,,,,,
266,0,"#гАЦяФя:

.
сМйЦ гсйхогА яну #чМгои_гАЦяци сгяМи гАЦщзФА гАугояи ЦД гАоФА гАнАМлМи хяну сзФоМи ЦЦгкАи .

.
#чМгои_гАЦяци_ААсМгяи",,,,,,,,,,,,,,,,,,,
267,0,"RT @SaudiNews50: #гАЦяФя:

.
сМйЦ гсйхогА яну #чМгои_гАЦяци сгяМи гАЦщзФА гАугояи ЦД гАоФА гАнАМлМи хяну сзФоМи ЦЦгкАи .

.
#чМгои_гАЦяци_А┘",,,,,,,,,,,,,,,,,,,
268,0,"RT @SaudiNews50: #гАЦяФя:

.
сМйЦ гсйхогА яну #чМгои_гАЦяци сгяМи гАЦщзФА гАугояи ЦД гАоФА гАнАМлМи хяну сзФоМи ЦЦгкАи .

.
#чМгои_гАЦяци_А┘",,,,,,,,,,,,,,,,,,,
269,0,"RT @SaudiNews50: #гАЦяФя:

.
сМйЦ гсйхогА яну #чМгои_гАЦяци сгяМи гАЦщзФА гАугояи ЦД гАоФА гАнАМлМи хяну сзФоМи ЦЦгкАи .

.
#чМгои_гАЦяци_А┘",,,,,,,,,,,,,,,,,,,
270,0,"RT @SaudiNews50: #гАЦяФя:

.
сМйЦ гсйхогА яну #чМгои_гАЦяци сгяМи гАЦщзФА гАугояи ЦД гАоФА гАнАМлМи хяну сзФоМи ЦЦгкАи .

.
#чМгои_гАЦяци_А┘",,,,,,,,,,,,,,,,,,,
271,0,"RT @SaudiNews50: #гАЦяФя:

.
сМйЦ гсйхогА яну #чМгои_гАЦяци сгяМи гАЦщзФА гАугояи ЦД гАоФА гАнАМлМи хяну сзФоМи ЦЦгкАи .

.
#чМгои_гАЦяци_А┘",,,,,,,,,,,,,,,,,,,
272,0,"RT @SaudiNews50: #гАЦяФя:

.
сМйЦ гсйхогА яну #чМгои_гАЦяци сгяМи гАЦщзФА гАугояи ЦД гАоФА гАнАМлМи хяну сзФоМи ЦЦгкАи .

.
#чМгои_гАЦяци_А┘",,,,,,,,,,,,,,,,,,,
273,0,"RT @SaudiNews50: #гАЦяФя:

.
сМйЦ гсйхогА яну #чМгои_гАЦяци сгяМи гАЦщзФА гАугояи ЦД гАоФА гАнАМлМи хяну сзФоМи ЦЦгкАи .

.
#чМгои_гАЦяци_А┘",,,,,,,,,,,,,,,,,,,
274,0,"RT @SaudiNews50: #гАЦяФя:

.
сМйЦ гсйхогА яну #чМгои_гАЦяци сгяМи гАЦщзФА гАугояи ЦД гАоФА гАнАМлМи хяну сзФоМи ЦЦгкАи .

.
#чМгои_гАЦяци_А┘",,,,,,,,,,,,,,,,,,,
275,0,"RT @SaudiNews50: #гАЦяФя:

.
сМйЦ гсйхогА яну #чМгои_гАЦяци сгяМи гАЦщзФА гАугояи ЦД гАоФА гАнАМлМи хяну сзФоМи ЦЦгкАи .

.
#чМгои_гАЦяци_А┘",,,,,,,,,,,,,,,,,,,
276,0,"RT @SaudiNews50: #гАЦяФя:

.
сМйЦ гсйхогА яну #чМгои_гАЦяци сгяМи гАЦщзФА гАугояи ЦД гАоФА гАнАМлМи хяну сзФоМи ЦЦгкАи .

.
#чМгои_гАЦяци_А┘",,,,,,,,,,,,,,,,,,,
277,0,"RT @SaudiNews50: #гАЦяФя:

.
сМйЦ гсйхогА яну #чМгои_гАЦяци сгяМи гАЦщзФА гАугояи ЦД гАоФА гАнАМлМи хяну сзФоМи ЦЦгкАи .

.
#чМгои_гАЦяци_А┘",,,,,,,,,,,,,,,,,,,
278,0,"RT @SaudiNews50: #гАЦяФя:

.
сМйЦ гсйхогА яну #чМгои_гАЦяци сгяМи гАЦщзФА гАугояи ЦД гАоФА гАнАМлМи хяну сзФоМи ЦЦгкАи .

.
#чМгои_гАЦяци_А┘",,,,,,,,,,,,,,,,,,,
279,0,"RT @SaudiNews50: #гАЦяФя:

.
сМйЦ гсйхогА яну #чМгои_гАЦяци сгяМи гАЦщзФА гАугояи ЦД гАоФА гАнАМлМи хяну сзФоМи ЦЦгкАи .

.
#чМгои_гАЦяци_А┘",,,,,,,,,,,,,,,,,,,
280,0,"RT @SaudiNews50: #гАЦяФя:

.
сМйЦ гсйхогА яну #чМгои_гАЦяци сгяМи гАЦщзФА гАугояи ЦД гАоФА гАнАМлМи хяну сзФоМи ЦЦгкАи .

.
#чМгои_гАЦяци_А┘",,,,,,,,,,,,,,,,,,,
281,0,"RT @SaudiNews50: #гАЦяФя:

.
сМйЦ гсйхогА яну #чМгои_гАЦяци сгяМи гАЦщзФА гАугояи ЦД гАоФА гАнАМлМи хяну сзФоМи ЦЦгкАи .

.
#чМгои_гАЦяци_А┘",,,,,,,,,,,,,,,,,,,
282,0,"RT @SaudiNews50: #гАЦяФя:

.
сМйЦ гсйхогА яну #чМгои_гАЦяци сгяМи гАЦщзФА гАугояи ЦД гАоФА гАнАМлМи хяну сзФоМи ЦЦгкАи .

.
#чМгои_гАЦяци_А┘",,,,,,,,,,,,,,,,,,,
283,0,"RT @SaudiNews50: #гАЦяФя:

.
сМйЦ гсйхогА яну #чМгои_гАЦяци сгяМи гАЦщзФА гАугояи ЦД гАоФА гАнАМлМи хяну сзФоМи ЦЦгкАи .

.
#чМгои_гАЦяци_А┘",,,,,,,,,,,,,,,,,,,
284,0,"RT @SaudiNews50: #гАЦяФя:

.
сМйЦ гсйхогА яну #чМгои_гАЦяци сгяМи гАЦщзФА гАугояи ЦД гАоФА гАнАМлМи хяну сзФоМи ЦЦгкАи .

.
#чМгои_гАЦяци_А┘",,,,,,,,,,,,,,,,,,,
285,0,"#гАЦяФя:

.
сМйЦ гсйхогА яну #чМгои_гАЦяци сгяМи гАЦщзФА гАугояи ЦД гАоФА гАнАМлМи хяну сзФоМи ЦЦгкАи .

.
#чМгои_гАЦяци_ААсМгяи",,,,,,,,,,,,,,,,,,,
286,1,RT @ahmedalwadai1: ЦД мч гАЦяци гАсзФоМи гД йсйхоА януи гАчМгои гАйМ муАй зАМЕг ЦД гСМ оФАи нАМлМи гАЛ януи сзФоМи ФМтЦА гМжг оФА гняЛ гАйМ┘,,,,,,,,,,,,,,,,,,,
287,0,RT @jnooob_07: гААМ ьгАхФг хгАчягя ЦйлДсгй ФДсга МхФД гАщсго ААсзФоМи АцД ЦсймМА сзФоМи йяжЛ хгАщсго хФьДЕг ФеД тга гААЕ хМДАшМ гАчягя ФгАА┘,,,,,,,,,,,,,,,,,,,
288,0,"RT @Almadinanews: #гАЦяФя: гАДсга гАмгуАгй зАЛ яну чМгои ЦД гАоФА гАнАМлМи МЦъДЕД гсйхогАЕг хяну сзФоМи ЦЦгкАи.

#чМгои_гАЦяци #чМгоЕ_гАЦяц┘",,,,,,,,,,,,,,,,,,,
289,1,"RT @SaudiTeachers: гЕйЦгЦ Фргяи гАйзАМЦ хмЦАи чМгои гАЦяци ААсМгяи МкМя йсгдА ДмФ200 цАщ ЦзАЦи сзФоМи ║ЕА ДмД жЦД огфяи гЕйЦгЦ Фргяи гАйзАМ┘",,,,,,,,,,,,,,,,,,,
290,1,#гхДг_гАсзФоМгй_ЦДг_ФщМДг лМх АМ Фгмо ЦД гЦ сзФоМи Фцх глДхМ сгЕЦ АФ хуФйЕ Аощгз зД гАсзФоМи ъА ЦьгАхгйЕЦ #сДМЦг#чМгои_гАЦяцЕ#гсчгь_гАФАгМЕ,,,,,,,,,,,,,,,,,,,
291,1,"RT @SaudiTeachers: гЕйЦгЦ Фргяи гАйзАМЦ хмЦАи чМгои гАЦяци ААсМгяи МкМя йсгдА ДмФ200 цАщ ЦзАЦи сзФоМи ║ЕА ДмД жЦД огфяи гЕйЦгЦ Фргяи гАйзАМ┘",,,,,,,,,,,,,,,,,,,
292,0,RT @jnooob_07: гААМ ьгАхФг хгАчягя ЦйлДсгй ФДсга МхФД гАщсго ААсзФоМи АцД ЦсймМА сзФоМи йяжЛ хгАщсго хФьДЕг ФеД тга гААЕ хМДАшМ гАчягя ФгАА┘,,,,,,,,,,,,,,,,,,,
293,0,RT @jnooob_07: гААМ ьгАхФг хгАчягя ЦйлДсгй ФДсга МхФД гАщсго ААсзФоМи АцД ЦсймМА сзФоМи йяжЛ хгАщсго хФьДЕг ФеД тга гААЕ хМДАшМ гАчягя ФгАА┘,,,,,,,,,,,,,,,,,,,
294,-1,RT @albahar210: 1- цчсЦ АъЦ цД зчАМ злр Фщъя М ймМя хцД цло йхяМяг Фгмог МсйозМ йФгло гАЦЦкА гАцЦяМъМ йяг<U+06A4>ФАйг щМ хАоДг ФЕФ цчА ЦгМчгА зДЕ┘,,,,,,,,,,,,,,,,,,,
295,1,"RT @mo0ol96: гАмяМЦ гААМ МчФАД гД гАЦьгАхгй хгАчМгои ЦйлДсгй ФгДЕ хДгй гАгуА ФгАщуА Цг МсФчД Фт чуйъД<ed><U+00A0><U+00BE><ed><U+00B4><U+0094> Фт сгАщйъД<ed><U+00A0><U+00BE><ed><U+00B4><U+0094> ЕгЕ© ЕгЕ© Ег©
цДг сзФоМи┘",,,,,,,,,,,,,,,,,,,
296,1,"RT @SaudiTeachers: гЕйЦгЦ Фргяи гАйзАМЦ хмЦАи чМгои гАЦяци ААсМгяи МкМя йсгдА ДмФ200 цАщ ЦзАЦи сзФоМи ║ЕА ДмД жЦД огфяи гЕйЦгЦ Фргяи гАйзАМ┘",,,,,,,,,,,,,,,,,,,
297,1,"RT @SaudiTeachers: гЕйЦгЦ Фргяи гАйзАМЦ хмЦАи чМгои гАЦяци ААсМгяи МкМя йсгдА ДмФ200 цАщ ЦзАЦи сзФоМи ║ЕА ДмД жЦД огфяи гЕйЦгЦ Фргяи гАйзАМ┘",,,,,,,,,,,,,,,,,,,
298,-1,1- цчсЦ АъЦ цД зчАМ злр Фщъя М ймМя хцД цло йхяМяг Фгмог МсйозМ йФгло гАЦЦкА гАцЦяМъМ йяг<U+06A4>ФАйг щМ хАоДг ФЕФ цчА ЦгМ┘ https://t.co/5FYNQWZHZr,,,,,,,,,,,,,,,,,,,
299,1,"RT @SaudiTeachers: гЕйЦгЦ Фргяи гАйзАМЦ хмЦАи чМгои гАЦяци ААсМгяи МкМя йсгдА ДмФ200 цАщ ЦзАЦи сзФоМи ║ЕА ДмД жЦД огфяи гЕйЦгЦ Фргяи гАйзАМ┘",,,,,,,,,,,,,,,,,,,
300,-1,"#чМгоЕ_гАЦягЕ
 гАсАгЦ зАМъЦ ФямЦи гААЕ<U+2639><U+FE0F><ed><U+00A0><U+00BD><ed><U+00B2><U+0096> 
гДг хДй сзФоМЕ гсФМ мсгхгй гхА сйФя Ф гМ ъАгФо <U+270D><ed><U+00A0><U+00BC><ed><U+00BF><U+00BB>
ФгслА мсгхгй щМ ЦФгчз┘ https://t.co/B7jUjMebHX",,,,,,,,,,,,,,,,,,,
301,0,RT @jnooob_07: гААМ ьгАхФг хгАчягя ЦйлДсгй ФДсга МхФД гАщсго ААсзФоМи АцД ЦсймМА сзФоМи йяжЛ хгАщсго хФьДЕг ФеД тга гААЕ хМДАшМ гАчягя ФгАА┘,,,,,,,,,,,,,,,,,,,
302,0,RT @jnooob_07: гААМ ьгАхФг хгАчягя ЦйлДсгй ФДсга МхФД гАщсго ААсзФоМи АцД ЦсймМА сзФоМи йяжЛ хгАщсго хФьДЕг ФеД тга гААЕ хМДАшМ гАчягя ФгАА┘,,,,,,,,,,,,,,,,,,,
303,0,RT @jnooob_07: гААМ ьгАхФг хгАчягя ЦйлДсгй ФДсга МхФД гАщсго ААсзФоМи АцД ЦсймМА сзФоМи йяжЛ хгАщсго хФьДЕг ФеД тга гААЕ хМДАшМ гАчягя ФгАА┘,,,,,,,,,,,,,,,,,,,
304,0,RT @jnooob_07: гААМ ьгАхФг хгАчягя ЦйлДсгй ФДсга МхФД гАщсго ААсзФоМи АцД ЦсймМА сзФоМи йяжЛ хгАщсго хФьДЕг ФеД тга гААЕ хМДАшМ гАчягя ФгАА┘,,,,,,,,,,,,,,,,,,,
305,1,гАмяМЦ гААМ МчФАД гД гАЦьгАхгй хгАчМгои ЦйлДсгй ФгДЕ хДгй гАгуА ФгАщуА Цг МсФчД Фт чуйъД<ed><U+00A0><U+00BE><ed><U+00B4><U+0094> Фт сгАщйъД<ed><U+00A0><U+00BE><ed><U+00B4><U+0094> ЕгЕ© ЕгЕ© Ег©┘ https://t.co/osqlpuwRUs,,,,,,,,,,,,,,,,,,,
306,1,"RT @SaudiTeachers: гЕйЦгЦ Фргяи гАйзАМЦ хмЦАи чМгои гАЦяци ААсМгяи МкМя йсгдА ДмФ200 цАщ ЦзАЦи сзФоМи ║ЕА ДмД жЦД огфяи гЕйЦгЦ Фргяи гАйзАМ┘",,,,,,,,,,,,,,,,,,,
307,1,ЦД мч гАЦяци гАсзФоМи гД йсйхоА януи гАчМгои гАйМ муАй зАМЕг ЦД гСМ оФАи нАМлМи гАЛ януи сзФоМи ФМтЦА гМжг оФА гняЛ┘ https://t.co/l7MsIah5Bi,,,,,,,,,,,,,,,,,,,
308,0,RT @jnooob_07: гААМ ьгАхФг хгАчягя ЦйлДсгй ФДсга МхФД гАщсго ААсзФоМи АцД ЦсймМА сзФоМи йяжЛ хгАщсго хФьДЕг ФеД тга гААЕ хМДАшМ гАчягя ФгАА┘,,,,,,,,,,,,,,,,,,,
309,0,RT @jnooob_07: гААМ ьгАхФг хгАчягя ЦйлДсгй ФДсга МхФД гАщсго ААсзФоМи АцД ЦсймМА сзФоМи йяжЛ хгАщсго хФьДЕг ФеД тга гААЕ хМДАшМ гАчягя ФгАА┘,,,,,,,,,,,,,,,,,,,
310,1,"RT @SaudiTeachers: гЕйЦгЦ Фргяи гАйзАМЦ хмЦАи чМгои гАЦяци ААсМгяи МкМя йсгдА ДмФ200 цАщ ЦзАЦи сзФоМи ║ЕА ДмД жЦД огфяи гЕйЦгЦ Фргяи гАйзАМ┘",,,,,,,,,,,,,,,,,,,
311,1,"RT @SaudiTeachers: гЕйЦгЦ Фргяи гАйзАМЦ хмЦАи чМгои гАЦяци ААсМгяи МкМя йсгдА ДмФ200 цАщ ЦзАЦи сзФоМи ║ЕА ДмД жЦД огфяи гЕйЦгЦ Фргяи гАйзАМ┘",,,,,,,,,,,,,,,,,,,
312,0,RT @jnooob_07: гААМ ьгАхФг хгАчягя ЦйлДсгй ФДсга МхФД гАщсго ААсзФоМи АцД ЦсймМА сзФоМи йяжЛ хгАщсго хФьДЕг ФеД тга гААЕ хМДАшМ гАчягя ФгАА┘,,,,,,,,,,,,,,,,,,,
313,0,RT @jnooob_07: гААМ ьгАхФг хгАчягя ЦйлДсгй ФДсга МхФД гАщсго ААсзФоМи АцД ЦсймМА сзФоМи йяжЛ хгАщсго хФьДЕг ФеД тга гААЕ хМДАшМ гАчягя ФгАА┘,,,,,,,,,,,,,,,,,,,
314,0,RT @jnooob_07: гААМ ьгАхФг хгАчягя ЦйлДсгй ФДсга МхФД гАщсго ААсзФоМи АцД ЦсймМА сзФоМи йяжЛ хгАщсго хФьДЕг ФеД тга гААЕ хМДАшМ гАчягя ФгАА┘,,,,,,,,,,,,,,,,,,,
315,-1,@SayHend ЕпФАг гАзгЕяМД йАгчМЕЦ  гФАМга  ФмоЕ сзФоМЕ  Ф МДгхмФг жо чМгои гАЦягЕ Фгсчгь гАФАгМЕ Фгъхя гЕйЦгЦгйЕЦ гАо┘ https://t.co/AxhoUPOLQk,,,,,,,,,,,,,,,,,,,
316,0,RT @jnooob_07: гААМ ьгАхФг хгАчягя ЦйлДсгй ФДсга МхФД гАщсго ААсзФоМи АцД ЦсймМА сзФоМи йяжЛ хгАщсго хФьДЕг ФеД тга гААЕ хМДАшМ гАчягя ФгАА┘,,,,,,,,,,,,,,,,,,,
317,0,RT @jnooob_07: гААМ ьгАхФг хгАчягя ЦйлДсгй ФДсга МхФД гАщсго ААсзФоМи АцД ЦсймМА сзФоМи йяжЛ хгАщсго хФьДЕг ФеД тга гААЕ хМДАшМ гАчягя ФгАА┘,,,,,,,,,,,,,,,,,,,
318,1,"#чМгоЕ_гАЦягЕ
лзАДМ ЦгтФщ сзФоМЕ гуА ФщуА ФхДй чхгМА йсФч МгрМДЕг хмтЦйЕг ФзщйЕг ФйъФД ЦноФЦЕ гЦг гпг сгчй щгААЕ МнАщ зАМЕг",,,,,,,,,,,,,,,,,,,
319,3,гАЦяци #гАсзФоМи йДьАч хлогяи АйФгъх гАйЦъМД гААпМ тящйЕг хЕ гАчМгои ААйймФА ЦД чМгои Цяъхи гАЛ чМгои ЦлйЦз Фмжгяи┘ https://t.co/64dtQa6oEI,,,,,,,,,,,,,,,,,,,
320,1,"RT @SaudiTeachers: гЕйЦгЦ Фргяи гАйзАМЦ хмЦАи чМгои гАЦяци ААсМгяи МкМя йсгдА ДмФ200 цАщ ЦзАЦи сзФоМи ║ЕА ДмД жЦД огфяи гЕйЦгЦ Фргяи гАйзАМ┘",,,,,,,,,,,,,,,,,,,
321,0,RT @jnooob_07: гААМ ьгАхФг хгАчягя ЦйлДсгй ФДсга МхФД гАщсго ААсзФоМи АцД ЦсймМА сзФоМи йяжЛ хгАщсго хФьДЕг ФеД тга гААЕ хМДАшМ гАчягя ФгАА┘,,,,,,,,,,,,,,,,,,,
322,1,"RT @SaudiTeachers: гЕйЦгЦ Фргяи гАйзАМЦ хмЦАи чМгои гАЦяци ААсМгяи МкМя йсгдА ДмФ200 цАщ ЦзАЦи сзФоМи ║ЕА ДмД жЦД огфяи гЕйЦгЦ Фргяи гАйзАМ┘",,,,,,,,,,,,,,,,,,,
323,0,RT @jnooob_07: гААМ ьгАхФг хгАчягя ЦйлДсгй ФДсга МхФД гАщсго ААсзФоМи АцД ЦсймМА сзФоМи йяжЛ хгАщсго хФьДЕг ФеД тга гААЕ хМДАшМ гАчягя ФгАА┘,,,,,,,,,,,,,,,,,,,
324,0,RT @jnooob_07: гААМ ьгАхФг хгАчягя ЦйлДсгй ФДсга МхФД гАщсго ААсзФоМи АцД ЦсймМА сзФоМи йяжЛ хгАщсго хФьДЕг ФеД тга гААЕ хМДАшМ гАчягя ФгАА┘,,,,,,,,,,,,,,,,,,,
325,1,"RT @SaudiTeachers: гЕйЦгЦ Фргяи гАйзАМЦ хмЦАи чМгои гАЦяци ААсМгяи МкМя йсгдА ДмФ200 цАщ ЦзАЦи сзФоМи ║ЕА ДмД жЦД огфяи гЕйЦгЦ Фргяи гАйзАМ┘",,,,,,,,,,,,,,,,,,,
326,0,RT @jnooob_07: гААМ ьгАхФг хгАчягя ЦйлДсгй ФДсга МхФД гАщсго ААсзФоМи АцД ЦсймМА сзФоМи йяжЛ хгАщсго хФьДЕг ФеД тга гААЕ хМДАшМ гАчягя ФгАА┘,,,,,,,,,,,,,,,,,,,
327,0,RT @jnooob_07: гААМ ьгАхФг хгАчягя ЦйлДсгй ФДсга МхФД гАщсго ААсзФоМи АцД ЦсймМА сзФоМи йяжЛ хгАщсго хФьДЕг ФеД тга гААЕ хМДАшМ гАчягя ФгАА┘,,,,,,,,,,,,,,,,,,,
328,0,RT @jnooob_07: гААМ ьгАхФг хгАчягя ЦйлДсгй ФДсга МхФД гАщсго ААсзФоМи АцД ЦсймМА сзФоМи йяжЛ хгАщсго хФьДЕг ФеД тга гААЕ хМДАшМ гАчягя ФгАА┘,,,,,,,,,,,,,,,,,,,
329,0,RT @jnooob_07: гААМ ьгАхФг хгАчягя ЦйлДсгй ФДсга МхФД гАщсго ААсзФоМи АцД ЦсймМА сзФоМи йяжЛ хгАщсго хФьДЕг ФеД тга гААЕ хМДАшМ гАчягя ФгАА┘,,,,,,,,,,,,,,,,,,,
330,0,RT @jnooob_07: гААМ ьгАхФг хгАчягя ЦйлДсгй ФДсга МхФД гАщсго ААсзФоМи АцД ЦсймМА сзФоМи йяжЛ хгАщсго хФьДЕг ФеД тга гААЕ хМДАшМ гАчягя ФгАА┘,,,,,,,,,,,,,,,,,,,
331,0,RT @jnooob_07: гААМ ьгАхФг хгАчягя ЦйлДсгй ФДсга МхФД гАщсго ААсзФоМи АцД ЦсймМА сзФоМи йяжЛ хгАщсго хФьДЕг ФеД тга гААЕ хМДАшМ гАчягя ФгАА┘,,,,,,,,,,,,,,,,,,,
332,0,#чМгоЕ_гАЦягЕ зрМрйМ гАхДй сзФоМи уЦйМ уЦйМ ФгщьяйМ зАЛ зсА Цгягм йсФчМД сМгяЕ хс чягя ДрА МФЦ ягм йсФчМД охгх ФщФчЕг тгмДЕ <ed><U+00A0><U+00BE><ed><U+00B4><U+00A3><ed><U+00A0><U+00BE><ed><U+00B4><U+00A3>,,,,,,,,,,,,,,,,,,,
333,0,"#чМгоЕ_гАЦягЕ
гДг ъФДМ хДй сзФоМЕ Фгялз гАЛ чхМАЕ зяМчЕ гхтяъЦ еДМ хцсФч ЦД гФА МФЦ МсЦмФг АДг щМЕ ФгАмМД лгяМ гАхм┘ https://t.co/dJpDMs4A8l",,,,,,,,,,,,,,,,,,,
334,0,RT @jnooob_07: гААМ ьгАхФг хгАчягя ЦйлДсгй ФДсга МхФД гАщсго ААсзФоМи АцД ЦсймМА сзФоМи йяжЛ хгАщсго хФьДЕг ФеД тга гААЕ хМДАшМ гАчягя ФгАА┘,,,,,,,,,,,,,,,,,,,
335,0,RT @jnooob_07: гААМ ьгАхФг хгАчягя ЦйлДсгй ФДсга МхФД гАщсго ААсзФоМи АцД ЦсймМА сзФоМи йяжЛ хгАщсго хФьДЕг ФеД тга гААЕ хМДАшМ гАчягя ФгАА┘,,,,,,,,,,,,,,,,,,,
336,0,RT @jnooob_07: гААМ ьгАхФг хгАчягя ЦйлДсгй ФДсга МхФД гАщсго ААсзФоМи АцД ЦсймМА сзФоМи йяжЛ хгАщсго хФьДЕг ФеД тга гААЕ хМДАшМ гАчягя ФгАА┘,,,,,,,,,,,,,,,,,,,
337,0,RT @jnooob_07: гААМ ьгАхФг хгАчягя ЦйлДсгй ФДсга МхФД гАщсго ААсзФоМи АцД ЦсймМА сзФоМи йяжЛ хгАщсго хФьДЕг ФеД тга гААЕ хМДАшМ гАчягя ФгАА┘,,,,,,,,,,,,,,,,,,,
338,0,RT @jnooob_07: гААМ ьгАхФг хгАчягя ЦйлДсгй ФДсга МхФД гАщсго ААсзФоМи АцД ЦсймМА сзФоМи йяжЛ хгАщсго хФьДЕг ФеД тга гААЕ хМДАшМ гАчягя ФгАА┘,,,,,,,,,,,,,,,,,,,
339,0,RT @jnooob_07: гААМ ьгАхФг хгАчягя ЦйлДсгй ФДсга МхФД гАщсго ААсзФоМи АцД ЦсймМА сзФоМи йяжЛ хгАщсго хФьДЕг ФеД тга гААЕ хМДАшМ гАчягя ФгАА┘,,,,,,,,,,,,,,,,,,,
340,1,"RT @SaudiTeachers: гЕйЦгЦ Фргяи гАйзАМЦ хмЦАи чМгои гАЦяци ААсМгяи МкМя йсгдА ДмФ200 цАщ ЦзАЦи сзФоМи ║ЕА ДмД жЦД огфяи гЕйЦгЦ Фргяи гАйзАМ┘",,,,,,,,,,,,,,,,,,,
341,0,RT @jnooob_07: гААМ ьгАхФг хгАчягя ЦйлДсгй ФДсга МхФД гАщсго ААсзФоМи АцД ЦсймМА сзФоМи йяжЛ хгАщсго хФьДЕг ФеД тга гААЕ хМДАшМ гАчягя ФгАА┘,,,,,,,,,,,,,,,,,,,
342,0,RT @jnooob_07: гААМ ьгАхФг хгАчягя ЦйлДсгй ФДсга МхФД гАщсго ААсзФоМи АцД ЦсймМА сзФоМи йяжЛ хгАщсго хФьДЕг ФеД тга гААЕ хМДАшМ гАчягя ФгАА┘,,,,,,,,,,,,,,,,,,,
343,0,RT @jnooob_07: гААМ ьгАхФг хгАчягя ЦйлДсгй ФДсга МхФД гАщсго ААсзФоМи АцД ЦсймМА сзФоМи йяжЛ хгАщсго хФьДЕг ФеД тга гААЕ хМДАшМ гАчягя ФгАА┘,,,,,,,,,,,,,,,,,,,
344,0,RT @jnooob_07: гААМ ьгАхФг хгАчягя ЦйлДсгй ФДсга МхФД гАщсго ААсзФоМи АцД ЦсймМА сзФоМи йяжЛ хгАщсго хФьДЕг ФеД тга гААЕ хМДАшМ гАчягя ФгАА┘,,,,,,,,,,,,,,,,,,,
345,0,RT @jnooob_07: гААМ ьгАхФг хгАчягя ЦйлДсгй ФДсга МхФД гАщсго ААсзФоМи АцД ЦсймМА сзФоМи йяжЛ хгАщсго хФьДЕг ФеД тга гААЕ хМДАшМ гАчягя ФгАА┘,,,,,,,,,,,,,,,,,,,
346,0,RT @jnooob_07: гААМ ьгАхФг хгАчягя ЦйлДсгй ФДсга МхФД гАщсго ААсзФоМи АцД ЦсймМА сзФоМи йяжЛ хгАщсго хФьДЕг ФеД тга гААЕ хМДАшМ гАчягя ФгАА┘,,,,,,,,,,,,,,,,,,,
347,0,RT @jnooob_07: гААМ ьгАхФг хгАчягя ЦйлДсгй ФДсга МхФД гАщсго ААсзФоМи АцД ЦсймМА сзФоМи йяжЛ хгАщсго хФьДЕг ФеД тга гААЕ хМДАшМ гАчягя ФгАА┘,,,,,,,,,,,,,,,,,,,
348,0,RT @jnooob_07: гААМ ьгАхФг хгАчягя ЦйлДсгй ФДсга МхФД гАщсго ААсзФоМи АцД ЦсймМА сзФоМи йяжЛ хгАщсго хФьДЕг ФеД тга гААЕ хМДАшМ гАчягя ФгАА┘,,,,,,,,,,,,,,,,,,,
349,0,RT @jnooob_07: гААМ ьгАхФг хгАчягя ЦйлДсгй ФДсга МхФД гАщсго ААсзФоМи АцД ЦсймМА сзФоМи йяжЛ хгАщсго хФьДЕг ФеД тга гААЕ хМДАшМ гАчягя ФгАА┘,,,,,,,,,,,,,,,,,,,
350,0,RT @jnooob_07: гААМ ьгАхФг хгАчягя ЦйлДсгй ФДсга МхФД гАщсго ААсзФоМи АцД ЦсймМА сзФоМи йяжЛ хгАщсго хФьДЕг ФеД тга гААЕ хМДАшМ гАчягя ФгАА┘,,,,,,,,,,,,,,,,,,,
351,0,RT @jnooob_07: гААМ ьгАхФг хгАчягя ЦйлДсгй ФДсга МхФД гАщсго ААсзФоМи АцД ЦсймМА сзФоМи йяжЛ хгАщсго хФьДЕг ФеД тга гААЕ хМДАшМ гАчягя ФгАА┘,,,,,,,,,,,,,,,,,,,
352,0,гААМ ьгАхФг хгАчягя ЦйлДсгй ФДсга МхФД гАщсго ААсзФоМи АцД ЦсймМА сзФоМи йяжЛ хгАщсго хФьДЕг ФеД тга гААЕ хМДАшМ гА┘ https://t.co/bww1aCKg2h,,,,,,,,,,,,,,,,,,,
353,1,"RT @SaudiTeachers: гЕйЦгЦ Фргяи гАйзАМЦ хмЦАи чМгои гАЦяци ААсМгяи МкМя йсгдА ДмФ200 цАщ ЦзАЦи сзФоМи ║ЕА ДмД жЦД огфяи гЕйЦгЦ Фргяи гАйзАМ┘",,,,,,,,,,,,,,,,,,,
354,0,RT @Kayan962534341: @KWIPnrhZrP8n8Ab ЦФ ЦзДги гДЕ гДйМ ягщжЕ шух хйнАМДг ягщжМД ЦкАъ ъАДг Аг гДг сзФоМЕ ФАгДМ ЦйлДсЕ  ФЦз чМгои гАЦяцЕ АгЕМ┘,,,,,,,,,,,,,,,,,,,
355,0,"RT @MdAlomar: щйги сзФоМи чгЦй хеДргА гАсгфч гАнгу АцлА енягл гАсМгяи ЦД ЦФчщ жМЬч 
.
ФДлмй
.
#чМгои_гАЦягЕ_ААсМгяЕ 
. https://t.co/XGEihBB┘",,,,,,,,,,,,,,,,,,,
356,1,"RT @SaudiTeachers: гЕйЦгЦ Фргяи гАйзАМЦ хмЦАи чМгои гАЦяци ААсМгяи МкМя йсгдА ДмФ200 цАщ ЦзАЦи сзФоМи ║ЕА ДмД жЦД огфяи гЕйЦгЦ Фргяи гАйзАМ┘",,,,,,,,,,,,,,,,,,,
357,1,"RT @SaudiTeachers: гЕйЦгЦ Фргяи гАйзАМЦ хмЦАи чМгои гАЦяци ААсМгяи МкМя йсгдА ДмФ200 цАщ ЦзАЦи сзФоМи ║ЕА ДмД жЦД огфяи гЕйЦгЦ Фргяи гАйзАМ┘",,,,,,,,,,,,,,,,,,,
358,0,"RT @Almadinanews: #гАЦяФя: гАДсга гАмгуАгй зАЛ яну чМгои ЦД гАоФА гАнАМлМи МЦъДЕД гсйхогАЕг хяну сзФоМи ЦЦгкАи.

#чМгои_гАЦяци #чМгоЕ_гАЦяц┘",,,,,,,,,,,,,,,,,,,
359,0,@KWIPnrhZrP8n8Ab ЦФ ЦзДги гДЕ гДйМ ягщжЕ шух хйнАМДг ягщжМД ЦкАъ ъАДг Аг гДг сзФоМЕ ФАгДМ ЦйлДсЕ  ФЦз чМгои гАЦяцЕ АгЕМ мягЦ ФАг ъгякЕ .,,,,,,,,,,,,,,,,,,,
360,1,"RT @SaudiTeachers: гЕйЦгЦ Фргяи гАйзАМЦ хмЦАи чМгои гАЦяци ААсМгяи МкМя йсгдА ДмФ200 цАщ ЦзАЦи сзФоМи ║ЕА ДмД жЦД огфяи гЕйЦгЦ Фргяи гАйзАМ┘",,,,,,,,,,,,,,,,,,,
361,1,"RT @SaudiTeachers: гЕйЦгЦ Фргяи гАйзАМЦ хмЦАи чМгои гАЦяци ААсМгяи МкМя йсгдА ДмФ200 цАщ ЦзАЦи сзФоМи ║ЕА ДмД жЦД огфяи гЕйЦгЦ Фргяи гАйзАМ┘",,,,,,,,,,,,,,,,,,,
362,1,"RT @SaudiTeachers: гЕйЦгЦ Фргяи гАйзАМЦ хмЦАи чМгои гАЦяци ААсМгяи МкМя йсгдА ДмФ200 цАщ ЦзАЦи сзФоМи ║ЕА ДмД жЦД огфяи гЕйЦгЦ Фргяи гАйзАМ┘",,,,,,,,,,,,,,,,,,,
363,1,"RT @SaudiTeachers: гЕйЦгЦ Фргяи гАйзАМЦ хмЦАи чМгои гАЦяци ААсМгяи МкМя йсгдА ДмФ200 цАщ ЦзАЦи сзФоМи ║ЕА ДмД жЦД огфяи гЕйЦгЦ Фргяи гАйзАМ┘",,,,,,,,,,,,,,,,,,,
364,1,"RT @SaudiTeachers: гЕйЦгЦ Фргяи гАйзАМЦ хмЦАи чМгои гАЦяци ААсМгяи МкМя йсгдА ДмФ200 цАщ ЦзАЦи сзФоМи ║ЕА ДмД жЦД огфяи гЕйЦгЦ Фргяи гАйзАМ┘",,,,,,,,,,,,,,,,,,,
365,1,"RT @SaudiTeachers: гЕйЦгЦ Фргяи гАйзАМЦ хмЦАи чМгои гАЦяци ААсМгяи МкМя йсгдА ДмФ200 цАщ ЦзАЦи сзФоМи ║ЕА ДмД жЦД огфяи гЕйЦгЦ Фргяи гАйзАМ┘",,,,,,,,,,,,,,,,,,,
366,1,"RT @SaudiTeachers: гЕйЦгЦ Фргяи гАйзАМЦ хмЦАи чМгои гАЦяци ААсМгяи МкМя йсгдА ДмФ200 цАщ ЦзАЦи сзФоМи ║ЕА ДмД жЦД огфяи гЕйЦгЦ Фргяи гАйзАМ┘",,,,,,,,,,,,,,,,,,,
367,1,"RT @SaudiTeachers: гЕйЦгЦ Фргяи гАйзАМЦ хмЦАи чМгои гАЦяци ААсМгяи МкМя йсгдА ДмФ200 цАщ ЦзАЦи сзФоМи ║ЕА ДмД жЦД огфяи гЕйЦгЦ Фргяи гАйзАМ┘",,,,,,,,,,,,,,,,,,,
368,1,"RT @SaudiTeachers: гЕйЦгЦ Фргяи гАйзАМЦ хмЦАи чМгои гАЦяци ААсМгяи МкМя йсгдА ДмФ200 цАщ ЦзАЦи сзФоМи ║ЕА ДмД жЦД огфяи гЕйЦгЦ Фргяи гАйзАМ┘",,,,,,,,,,,,,,,,,,,
369,1,"RT @SaudiTeachers: гЕйЦгЦ Фргяи гАйзАМЦ хмЦАи чМгои гАЦяци ААсМгяи МкМя йсгдА ДмФ200 цАщ ЦзАЦи сзФоМи ║ЕА ДмД жЦД огфяи гЕйЦгЦ Фргяи гАйзАМ┘",,,,,,,,,,,,,,,,,,,
370,0,"RT @Almadinanews: #гАЦяФя: гАДсга гАмгуАгй зАЛ яну чМгои ЦД гАоФА гАнАМлМи МЦъДЕД гсйхогАЕг хяну сзФоМи ЦЦгкАи.

#чМгои_гАЦяци #чМгоЕ_гАЦяц┘",,,,,,,,,,,,,,,,,,,
371,1,"RT @SaudiTeachers: гЕйЦгЦ Фргяи гАйзАМЦ хмЦАи чМгои гАЦяци ААсМгяи МкМя йсгдА ДмФ200 цАщ ЦзАЦи сзФоМи ║ЕА ДмД жЦД огфяи гЕйЦгЦ Фргяи гАйзАМ┘",,,,,,,,,,,,,,,,,,,
372,1,"RT @SaudiTeachers: гЕйЦгЦ Фргяи гАйзАМЦ хмЦАи чМгои гАЦяци ААсМгяи МкМя йсгдА ДмФ200 цАщ ЦзАЦи сзФоМи ║ЕА ДмД жЦД огфяи гЕйЦгЦ Фргяи гАйзАМ┘",,,,,,,,,,,,,,,,,,,
373,1,"RT @SaudiTeachers: гЕйЦгЦ Фргяи гАйзАМЦ хмЦАи чМгои гАЦяци ААсМгяи МкМя йсгдА ДмФ200 цАщ ЦзАЦи сзФоМи ║ЕА ДмД жЦД огфяи гЕйЦгЦ Фргяи гАйзАМ┘",,,,,,,,,,,,,,,,,,,
374,1,"RT @SaudiTeachers: гЕйЦгЦ Фргяи гАйзАМЦ хмЦАи чМгои гАЦяци ААсМгяи МкМя йсгдА ДмФ200 цАщ ЦзАЦи сзФоМи ║ЕА ДмД жЦД огфяи гЕйЦгЦ Фргяи гАйзАМ┘",,,,,,,,,,,,,,,,,,,
375,1,"RT @SaudiTeachers: гЕйЦгЦ Фргяи гАйзАМЦ хмЦАи чМгои гАЦяци ААсМгяи МкМя йсгдА ДмФ200 цАщ ЦзАЦи сзФоМи ║ЕА ДмД жЦД огфяи гЕйЦгЦ Фргяи гАйзАМ┘",,,,,,,,,,,,,,,,,,,
376,1,"RT @SaudiTeachers: гЕйЦгЦ Фргяи гАйзАМЦ хмЦАи чМгои гАЦяци ААсМгяи МкМя йсгдА ДмФ200 цАщ ЦзАЦи сзФоМи ║ЕА ДмД жЦД огфяи гЕйЦгЦ Фргяи гАйзАМ┘",,,,,,,,,,,,,,,,,,,
377,1,"RT @SaudiTeachers: гЕйЦгЦ Фргяи гАйзАМЦ хмЦАи чМгои гАЦяци ААсМгяи МкМя йсгдА ДмФ200 цАщ ЦзАЦи сзФоМи ║ЕА ДмД жЦД огфяи гЕйЦгЦ Фргяи гАйзАМ┘",,,,,,,,,,,,,,,,,,,
378,1,"RT @SaudiTeachers: гЕйЦгЦ Фргяи гАйзАМЦ хмЦАи чМгои гАЦяци ААсМгяи МкМя йсгдА ДмФ200 цАщ ЦзАЦи сзФоМи ║ЕА ДмД жЦД огфяи гЕйЦгЦ Фргяи гАйзАМ┘",,,,,,,,,,,,,,,,,,,
379,1,"RT @SaudiTeachers: гЕйЦгЦ Фргяи гАйзАМЦ хмЦАи чМгои гАЦяци ААсМгяи МкМя йсгдА ДмФ200 цАщ ЦзАЦи сзФоМи ║ЕА ДмД жЦД огфяи гЕйЦгЦ Фргяи гАйзАМ┘",,,,,,,,,,,,,,,,,,,
380,1,"RT @SaudiTeachers: гЕйЦгЦ Фргяи гАйзАМЦ хмЦАи чМгои гАЦяци ААсМгяи МкМя йсгдА ДмФ200 цАщ ЦзАЦи сзФоМи ║ЕА ДмД жЦД огфяи гЕйЦгЦ Фргяи гАйзАМ┘",,,,,,,,,,,,,,,,,,,
381,1,"RT @SaudiTeachers: гЕйЦгЦ Фргяи гАйзАМЦ хмЦАи чМгои гАЦяци ААсМгяи МкМя йсгдА ДмФ200 цАщ ЦзАЦи сзФоМи ║ЕА ДмД жЦД огфяи гЕйЦгЦ Фргяи гАйзАМ┘",,,,,,,,,,,,,,,,,,,
382,1,"RT @SaudiTeachers: гЕйЦгЦ Фргяи гАйзАМЦ хмЦАи чМгои гАЦяци ААсМгяи МкМя йсгдА ДмФ200 цАщ ЦзАЦи сзФоМи ║ЕА ДмД жЦД огфяи гЕйЦгЦ Фргяи гАйзАМ┘",,,,,,,,,,,,,,,,,,,
383,1,"RT @SaudiTeachers: гЕйЦгЦ Фргяи гАйзАМЦ хмЦАи чМгои гАЦяци ААсМгяи МкМя йсгдА ДмФ200 цАщ ЦзАЦи сзФоМи ║ЕА ДмД жЦД огфяи гЕйЦгЦ Фргяи гАйзАМ┘",,,,,,,,,,,,,,,,,,,
384,1,"RT @SaudiTeachers: гЕйЦгЦ Фргяи гАйзАМЦ хмЦАи чМгои гАЦяци ААсМгяи МкМя йсгдА ДмФ200 цАщ ЦзАЦи сзФоМи ║ЕА ДмД жЦД огфяи гЕйЦгЦ Фргяи гАйзАМ┘",,,,,,,,,,,,,,,,,,,
385,1,"RT @SaudiTeachers: гЕйЦгЦ Фргяи гАйзАМЦ хмЦАи чМгои гАЦяци ААсМгяи МкМя йсгдА ДмФ200 цАщ ЦзАЦи сзФоМи ║ЕА ДмД жЦД огфяи гЕйЦгЦ Фргяи гАйзАМ┘",,,,,,,,,,,,,,,,,,,
386,1,"RT @SaudiTeachers: гЕйЦгЦ Фргяи гАйзАМЦ хмЦАи чМгои гАЦяци ААсМгяи МкМя йсгдА ДмФ200 цАщ ЦзАЦи сзФоМи ║ЕА ДмД жЦД огфяи гЕйЦгЦ Фргяи гАйзАМ┘",,,,,,,,,,,,,,,,,,,
387,1,"@cnnarabic @MeshalHarasani ЕДгъ гъйтгщгй сзФоМЕ чоМЦЕ АЦ МйЦ йсАМь гАжФа зАМЕг ФЕМ хгАзтягй ║ ФАъД йФАМ сЦФ гАгЦМя┘ https://t.co/PTZc8Tv1b4",,,,,,,,,,,,,,,,,,,
388,1,"RT @SaudiTeachers: гЕйЦгЦ Фргяи гАйзАМЦ хмЦАи чМгои гАЦяци ААсМгяи МкМя йсгдА ДмФ200 цАщ ЦзАЦи сзФоМи ║ЕА ДмД жЦД огфяи гЕйЦгЦ Фргяи гАйзАМ┘",,,,,,,,,,,,,,,,,,,
389,1,"RT @SaudiTeachers: гЕйЦгЦ Фргяи гАйзАМЦ хмЦАи чМгои гАЦяци ААсМгяи МкМя йсгдА ДмФ200 цАщ ЦзАЦи сзФоМи ║ЕА ДмД жЦД огфяи гЕйЦгЦ Фргяи гАйзАМ┘",,,,,,,,,,,,,,,,,,,
390,1,"RT @SaudiTeachers: гЕйЦгЦ Фргяи гАйзАМЦ хмЦАи чМгои гАЦяци ААсМгяи МкМя йсгдА ДмФ200 цАщ ЦзАЦи сзФоМи ║ЕА ДмД жЦД огфяи гЕйЦгЦ Фргяи гАйзАМ┘",,,,,,,,,,,,,,,,,,,
391,1,"RT @SaudiTeachers: гЕйЦгЦ Фргяи гАйзАМЦ хмЦАи чМгои гАЦяци ААсМгяи МкМя йсгдА ДмФ200 цАщ ЦзАЦи сзФоМи ║ЕА ДмД жЦД огфяи гЕйЦгЦ Фргяи гАйзАМ┘",,,,,,,,,,,,,,,,,,,
392,1,"RT @SaudiTeachers: гЕйЦгЦ Фргяи гАйзАМЦ хмЦАи чМгои гАЦяци ААсМгяи МкМя йсгдА ДмФ200 цАщ ЦзАЦи сзФоМи ║ЕА ДмД жЦД огфяи гЕйЦгЦ Фргяи гАйзАМ┘",,,,,,,,,,,,,,,,,,,
393,1,"RT @SaudiTeachers: гЕйЦгЦ Фргяи гАйзАМЦ хмЦАи чМгои гАЦяци ААсМгяи МкМя йсгдА ДмФ200 цАщ ЦзАЦи сзФоМи ║ЕА ДмД жЦД огфяи гЕйЦгЦ Фргяи гАйзАМ┘",,,,,,,,,,,,,,,,,,,
394,0,"RT @Almadinanews: #гАЦяФя: гАДсга гАмгуАгй зАЛ яну чМгои ЦД гАоФА гАнАМлМи МЦъДЕД гсйхогАЕг хяну сзФоМи ЦЦгкАи.

#чМгои_гАЦяци #чМгоЕ_гАЦяц┘",,,,,,,,,,,,,,,,,,,
395,1,"RT @SaudiTeachers: гЕйЦгЦ Фргяи гАйзАМЦ хмЦАи чМгои гАЦяци ААсМгяи МкМя йсгдА ДмФ200 цАщ ЦзАЦи сзФоМи ║ЕА ДмД жЦД огфяи гЕйЦгЦ Фргяи гАйзАМ┘",,,,,,,,,,,,,,,,,,,
396,1,"RT @SaudiTeachers: гЕйЦгЦ Фргяи гАйзАМЦ хмЦАи чМгои гАЦяци ААсМгяи МкМя йсгдА ДмФ200 цАщ ЦзАЦи сзФоМи ║ЕА ДмД жЦД огфяи гЕйЦгЦ Фргяи гАйзАМ┘",,,,,,,,,,,,,,,,,,,
397,1,"RT @SaudiTeachers: гЕйЦгЦ Фргяи гАйзАМЦ хмЦАи чМгои гАЦяци ААсМгяи МкМя йсгдА ДмФ200 цАщ ЦзАЦи сзФоМи ║ЕА ДмД жЦД огфяи гЕйЦгЦ Фргяи гАйзАМ┘",,,,,,,,,,,,,,,,,,,
398,1,"RT @SaudiTeachers: гЕйЦгЦ Фргяи гАйзАМЦ хмЦАи чМгои гАЦяци ААсМгяи МкМя йсгдА ДмФ200 цАщ ЦзАЦи сзФоМи ║ЕА ДмД жЦД огфяи гЕйЦгЦ Фргяи гАйзАМ┘",,,,,,,,,,,,,,,,,,,
399,1,"RT @SaudiTeachers: гЕйЦгЦ Фргяи гАйзАМЦ хмЦАи чМгои гАЦяци ААсМгяи МкМя йсгдА ДмФ200 цАщ ЦзАЦи сзФоМи ║ЕА ДмД жЦД огфяи гЕйЦгЦ Фргяи гАйзАМ┘",,,,,,,,,,,,,,,,,,,
400,1,"RT @SaudiTeachers: гЕйЦгЦ Фргяи гАйзАМЦ хмЦАи чМгои гАЦяци ААсМгяи МкМя йсгдА ДмФ200 цАщ ЦзАЦи сзФоМи ║ЕА ДмД жЦД огфяи гЕйЦгЦ Фргяи гАйзАМ┘",,,,,,,,,,,,,,,,,,,
401,1,"RT @SaudiTeachers: гЕйЦгЦ Фргяи гАйзАМЦ хмЦАи чМгои гАЦяци ААсМгяи МкМя йсгдА ДмФ200 цАщ ЦзАЦи сзФоМи ║ЕА ДмД жЦД огфяи гЕйЦгЦ Фргяи гАйзАМ┘",,,,,,,,,,,,,,,,,,,
402,1,"RT @SaudiTeachers: гЕйЦгЦ Фргяи гАйзАМЦ хмЦАи чМгои гАЦяци ААсМгяи МкМя йсгдА ДмФ200 цАщ ЦзАЦи сзФоМи ║ЕА ДмД жЦД огфяи гЕйЦгЦ Фргяи гАйзАМ┘",,,,,,,,,,,,,,,,,,,
403,1,"RT @SaudiTeachers: гЕйЦгЦ Фргяи гАйзАМЦ хмЦАи чМгои гАЦяци ААсМгяи МкМя йсгдА ДмФ200 цАщ ЦзАЦи сзФоМи ║ЕА ДмД жЦД огфяи гЕйЦгЦ Фргяи гАйзАМ┘",,,,,,,,,,,,,,,,,,,
404,1,"RT @SaudiTeachers: гЕйЦгЦ Фргяи гАйзАМЦ хмЦАи чМгои гАЦяци ААсМгяи МкМя йсгдА ДмФ200 цАщ ЦзАЦи сзФоМи ║ЕА ДмД жЦД огфяи гЕйЦгЦ Фргяи гАйзАМ┘",,,,,,,,,,,,,,,,,,,
405,1,"RT @SaudiTeachers: гЕйЦгЦ Фргяи гАйзАМЦ хмЦАи чМгои гАЦяци ААсМгяи МкМя йсгдА ДмФ200 цАщ ЦзАЦи сзФоМи ║ЕА ДмД жЦД огфяи гЕйЦгЦ Фргяи гАйзАМ┘",,,,,,,,,,,,,,,,,,,
406,1,"RT @SaudiTeachers: гЕйЦгЦ Фргяи гАйзАМЦ хмЦАи чМгои гАЦяци ААсМгяи МкМя йсгдА ДмФ200 цАщ ЦзАЦи сзФоМи ║ЕА ДмД жЦД огфяи гЕйЦгЦ Фргяи гАйзАМ┘",,,,,,,,,,,,,,,,,,,
407,1,"RT @SaudiTeachers: гЕйЦгЦ Фргяи гАйзАМЦ хмЦАи чМгои гАЦяци ААсМгяи МкМя йсгдА ДмФ200 цАщ ЦзАЦи сзФоМи ║ЕА ДмД жЦД огфяи гЕйЦгЦ Фргяи гАйзАМ┘",,,,,,,,,,,,,,,,,,,
408,1,"RT @SaudiTeachers: гЕйЦгЦ Фргяи гАйзАМЦ хмЦАи чМгои гАЦяци ААсМгяи МкМя йсгдА ДмФ200 цАщ ЦзАЦи сзФоМи ║ЕА ДмД жЦД огфяи гЕйЦгЦ Фргяи гАйзАМ┘",,,,,,,,,,,,,,,,,,,
409,0,"RT @Almadinanews: #гАЦяФя: гАДсга гАмгуАгй зАЛ яну чМгои ЦД гАоФА гАнАМлМи МЦъДЕД гсйхогАЕг хяну сзФоМи ЦЦгкАи.

#чМгои_гАЦяци #чМгоЕ_гАЦяц┘",,,,,,,,,,,,,,,,,,,
410,1,"RT @SaudiTeachers: гЕйЦгЦ Фргяи гАйзАМЦ хмЦАи чМгои гАЦяци ААсМгяи МкМя йсгдА ДмФ200 цАщ ЦзАЦи сзФоМи ║ЕА ДмД жЦД огфяи гЕйЦгЦ Фргяи гАйзАМ┘",,,,,,,,,,,,,,,,,,,
411,1,"RT @SaudiTeachers: гЕйЦгЦ Фргяи гАйзАМЦ хмЦАи чМгои гАЦяци ААсМгяи МкМя йсгдА ДмФ200 цАщ ЦзАЦи сзФоМи ║ЕА ДмД жЦД огфяи гЕйЦгЦ Фргяи гАйзАМ┘",,,,,,,,,,,,,,,,,,,
412,1,"RT @SaudiTeachers: гЕйЦгЦ Фргяи гАйзАМЦ хмЦАи чМгои гАЦяци ААсМгяи МкМя йсгдА ДмФ200 цАщ ЦзАЦи сзФоМи ║ЕА ДмД жЦД огфяи гЕйЦгЦ Фргяи гАйзАМ┘",,,,,,,,,,,,,,,,,,,
413,0,"RT @Almadinanews: #гАЦяФя: гАДсга гАмгуАгй зАЛ яну чМгои ЦД гАоФА гАнАМлМи МЦъДЕД гсйхогАЕг хяну сзФоМи ЦЦгкАи.

#чМгои_гАЦяци #чМгоЕ_гАЦяц┘",,,,,,,,,,,,,,,,,,,
414,1,"RT @SaudiTeachers: гЕйЦгЦ Фргяи гАйзАМЦ хмЦАи чМгои гАЦяци ААсМгяи МкМя йсгдА ДмФ200 цАщ ЦзАЦи сзФоМи ║ЕА ДмД жЦД огфяи гЕйЦгЦ Фргяи гАйзАМ┘",,,,,,,,,,,,,,,,,,,
415,1,"RT @SaudiTeachers: гЕйЦгЦ Фргяи гАйзАМЦ хмЦАи чМгои гАЦяци ААсМгяи МкМя йсгдА ДмФ200 цАщ ЦзАЦи сзФоМи ║ЕА ДмД жЦД огфяи гЕйЦгЦ Фргяи гАйзАМ┘",,,,,,,,,,,,,,,,,,,
416,1,"RT @SaudiTeachers: гЕйЦгЦ Фргяи гАйзАМЦ хмЦАи чМгои гАЦяци ААсМгяи МкМя йсгдА ДмФ200 цАщ ЦзАЦи сзФоМи ║ЕА ДмД жЦД огфяи гЕйЦгЦ Фргяи гАйзАМ┘",,,,,,,,,,,,,,,,,,,
417,1,"RT @SaudiTeachers: гЕйЦгЦ Фргяи гАйзАМЦ хмЦАи чМгои гАЦяци ААсМгяи МкМя йсгдА ДмФ200 цАщ ЦзАЦи сзФоМи ║ЕА ДмД жЦД огфяи гЕйЦгЦ Фргяи гАйзАМ┘",,,,,,,,,,,,,,,,,,,
418,1,"RT @SaudiTeachers: гЕйЦгЦ Фргяи гАйзАМЦ хмЦАи чМгои гАЦяци ААсМгяи МкМя йсгдА ДмФ200 цАщ ЦзАЦи сзФоМи ║ЕА ДмД жЦД огфяи гЕйЦгЦ Фргяи гАйзАМ┘",,,,,,,,,,,,,,,,,,,
419,1,"RT @SaudiTeachers: гЕйЦгЦ Фргяи гАйзАМЦ хмЦАи чМгои гАЦяци ААсМгяи МкМя йсгдА ДмФ200 цАщ ЦзАЦи сзФоМи ║ЕА ДмД жЦД огфяи гЕйЦгЦ Фргяи гАйзАМ┘",,,,,,,,,,,,,,,,,,,
420,1,"RT @SaudiTeachers: гЕйЦгЦ Фргяи гАйзАМЦ хмЦАи чМгои гАЦяци ААсМгяи МкМя йсгдА ДмФ200 цАщ ЦзАЦи сзФоМи ║ЕА ДмД жЦД огфяи гЕйЦгЦ Фргяи гАйзАМ┘",,,,,,,,,,,,,,,,,,,
421,1,"RT @SaudiTeachers: гЕйЦгЦ Фргяи гАйзАМЦ хмЦАи чМгои гАЦяци ААсМгяи МкМя йсгдА ДмФ200 цАщ ЦзАЦи сзФоМи ║ЕА ДмД жЦД огфяи гЕйЦгЦ Фргяи гАйзАМ┘",,,,,,,,,,,,,,,,,,,
422,1,"RT @SaudiTeachers: гЕйЦгЦ Фргяи гАйзАМЦ хмЦАи чМгои гАЦяци ААсМгяи МкМя йсгдА ДмФ200 цАщ ЦзАЦи сзФоМи ║ЕА ДмД жЦД огфяи гЕйЦгЦ Фргяи гАйзАМ┘",,,,,,,,,,,,,,,,,,,
423,1,"RT @SaudiTeachers: гЕйЦгЦ Фргяи гАйзАМЦ хмЦАи чМгои гАЦяци ААсМгяи МкМя йсгдА ДмФ200 цАщ ЦзАЦи сзФоМи ║ЕА ДмД жЦД огфяи гЕйЦгЦ Фргяи гАйзАМ┘",,,,,,,,,,,,,,,,,,,
424,1,"RT @SaudiTeachers: гЕйЦгЦ Фргяи гАйзАМЦ хмЦАи чМгои гАЦяци ААсМгяи МкМя йсгдА ДмФ200 цАщ ЦзАЦи сзФоМи ║ЕА ДмД жЦД огфяи гЕйЦгЦ Фргяи гАйзАМ┘",,,,,,,,,,,,,,,,,,,
425,1,"RT @SaudiTeachers: гЕйЦгЦ Фргяи гАйзАМЦ хмЦАи чМгои гАЦяци ААсМгяи МкМя йсгдА ДмФ200 цАщ ЦзАЦи сзФоМи ║ЕА ДмД жЦД огфяи гЕйЦгЦ Фргяи гАйзАМ┘",,,,,,,,,,,,,,,,,,,
426,1,"RT @SaudiTeachers: гЕйЦгЦ Фргяи гАйзАМЦ хмЦАи чМгои гАЦяци ААсМгяи МкМя йсгдА ДмФ200 цАщ ЦзАЦи сзФоМи ║ЕА ДмД жЦД огфяи гЕйЦгЦ Фргяи гАйзАМ┘",,,,,,,,,,,,,,,,,,,
427,1,"RT @SaudiTeachers: гЕйЦгЦ Фргяи гАйзАМЦ хмЦАи чМгои гАЦяци ААсМгяи МкМя йсгдА ДмФ200 цАщ ЦзАЦи сзФоМи ║ЕА ДмД жЦД огфяи гЕйЦгЦ Фргяи гАйзАМ┘",,,,,,,,,,,,,,,,,,,
428,1,"RT @SaudiTeachers: гЕйЦгЦ Фргяи гАйзАМЦ хмЦАи чМгои гАЦяци ААсМгяи МкМя йсгдА ДмФ200 цАщ ЦзАЦи сзФоМи ║ЕА ДмД жЦД огфяи гЕйЦгЦ Фргяи гАйзАМ┘",,,,,,,,,,,,,,,,,,,
429,1,"RT @SaudiTeachers: гЕйЦгЦ Фргяи гАйзАМЦ хмЦАи чМгои гАЦяци ААсМгяи МкМя йсгдА ДмФ200 цАщ ЦзАЦи сзФоМи ║ЕА ДмД жЦД огфяи гЕйЦгЦ Фргяи гАйзАМ┘",,,,,,,,,,,,,,,,,,,
430,0,"RT @Almadinanews: #гАЦяФя: гАДсга гАмгуАгй зАЛ яну чМгои ЦД гАоФА гАнАМлМи МЦъДЕД гсйхогАЕг хяну сзФоМи ЦЦгкАи.

#чМгои_гАЦяци #чМгоЕ_гАЦяц┘",,,,,,,,,,,,,,,,,,,
431,1,"RT @SaudiTeachers: гЕйЦгЦ Фргяи гАйзАМЦ хмЦАи чМгои гАЦяци ААсМгяи МкМя йсгдА ДмФ200 цАщ ЦзАЦи сзФоМи ║ЕА ДмД жЦД огфяи гЕйЦгЦ Фргяи гАйзАМ┘",,,,,,,,,,,,,,,,,,,
432,1,"RT @SaudiTeachers: гЕйЦгЦ Фргяи гАйзАМЦ хмЦАи чМгои гАЦяци ААсМгяи МкМя йсгдА ДмФ200 цАщ ЦзАЦи сзФоМи ║ЕА ДмД жЦД огфяи гЕйЦгЦ Фргяи гАйзАМ┘",,,,,,,,,,,,,,,,,,,
433,1,"RT @SaudiTeachers: гЕйЦгЦ Фргяи гАйзАМЦ хмЦАи чМгои гАЦяци ААсМгяи МкМя йсгдА ДмФ200 цАщ ЦзАЦи сзФоМи ║ЕА ДмД жЦД огфяи гЕйЦгЦ Фргяи гАйзАМ┘",,,,,,,,,,,,,,,,,,,
434,1,"RT @SaudiTeachers: гЕйЦгЦ Фргяи гАйзАМЦ хмЦАи чМгои гАЦяци ААсМгяи МкМя йсгдА ДмФ200 цАщ ЦзАЦи сзФоМи ║ЕА ДмД жЦД огфяи гЕйЦгЦ Фргяи гАйзАМ┘",,,,,,,,,,,,,,,,,,,
435,1,"RT @SaudiTeachers: гЕйЦгЦ Фргяи гАйзАМЦ хмЦАи чМгои гАЦяци ААсМгяи МкМя йсгдА ДмФ200 цАщ ЦзАЦи сзФоМи ║ЕА ДмД жЦД огфяи гЕйЦгЦ Фргяи гАйзАМ┘",,,,,,,,,,,,,,,,,,,
436,1,"RT @SaudiTeachers: гЕйЦгЦ Фргяи гАйзАМЦ хмЦАи чМгои гАЦяци ААсМгяи МкМя йсгдА ДмФ200 цАщ ЦзАЦи сзФоМи ║ЕА ДмД жЦД огфяи гЕйЦгЦ Фргяи гАйзАМ┘",,,,,,,,,,,,,,,,,,,
437,2,"@sabqorg гААЕ Мсйя 

гАсМгяЕ ФгААЕ Мсйя ЦДЕД ФЦД штгЦйЕД

щЦг хгАъЦ МсФчД йяМАгй <ed><U+00A0><U+00BE><ed><U+00B4><U+00A3><ed><U+00A0><U+00BE><ed><U+00B4><U+00A3><ed><U+00A0><U+00BE><ed><U+00B4><U+00A3>

МгялгА цДумъЦ йцЦДФД зАЛ ъА с┘ https://t.co/4G",,,,,,,,,,,,,,,,,,,
438,1,"RT @SaudiTeachers: гЕйЦгЦ Фргяи гАйзАМЦ хмЦАи чМгои гАЦяци ААсМгяи МкМя йсгдА ДмФ200 цАщ ЦзАЦи сзФоМи ║ЕА ДмД жЦД огфяи гЕйЦгЦ Фргяи гАйзАМ┘",,,,,,,,,,,,,,,,,,,
439,1,"RT @SaudiTeachers: гЕйЦгЦ Фргяи гАйзАМЦ хмЦАи чМгои гАЦяци ААсМгяи МкМя йсгдА ДмФ200 цАщ ЦзАЦи сзФоМи ║ЕА ДмД жЦД огфяи гЕйЦгЦ Фргяи гАйзАМ┘",,,,,,,,,,,,,,,,,,,
440,1,"RT @SaudiTeachers: гЕйЦгЦ Фргяи гАйзАМЦ хмЦАи чМгои гАЦяци ААсМгяи МкМя йсгдА ДмФ200 цАщ ЦзАЦи сзФоМи ║ЕА ДмД жЦД огфяи гЕйЦгЦ Фргяи гАйзАМ┘",,,,,,,,,,,,,,,,,,,
441,1,"RT @SaudiTeachers: гЕйЦгЦ Фргяи гАйзАМЦ хмЦАи чМгои гАЦяци ААсМгяи МкМя йсгдА ДмФ200 цАщ ЦзАЦи сзФоМи ║ЕА ДмД жЦД огфяи гЕйЦгЦ Фргяи гАйзАМ┘",,,,,,,,,,,,,,,,,,,
442,1,"RT @SaudiTeachers: гЕйЦгЦ Фргяи гАйзАМЦ хмЦАи чМгои гАЦяци ААсМгяи МкМя йсгдА ДмФ200 цАщ ЦзАЦи сзФоМи ║ЕА ДмД жЦД огфяи гЕйЦгЦ Фргяи гАйзАМ┘",,,,,,,,,,,,,,,,,,,
443,1,"RT @SaudiTeachers: гЕйЦгЦ Фргяи гАйзАМЦ хмЦАи чМгои гАЦяци ААсМгяи МкМя йсгдА ДмФ200 цАщ ЦзАЦи сзФоМи ║ЕА ДмД жЦД огфяи гЕйЦгЦ Фргяи гАйзАМ┘",,,,,,,,,,,,,,,,,,,
444,1,"RT @SaudiTeachers: гЕйЦгЦ Фргяи гАйзАМЦ хмЦАи чМгои гАЦяци ААсМгяи МкМя йсгдА ДмФ200 цАщ ЦзАЦи сзФоМи ║ЕА ДмД жЦД огфяи гЕйЦгЦ Фргяи гАйзАМ┘",,,,,,,,,,,,,,,,,,,
445,1,"RT @SaudiTeachers: гЕйЦгЦ Фргяи гАйзАМЦ хмЦАи чМгои гАЦяци ААсМгяи МкМя йсгдА ДмФ200 цАщ ЦзАЦи сзФоМи ║ЕА ДмД жЦД огфяи гЕйЦгЦ Фргяи гАйзАМ┘",,,,,,,,,,,,,,,,,,,
446,1,"RT @SaudiTeachers: гЕйЦгЦ Фргяи гАйзАМЦ хмЦАи чМгои гАЦяци ААсМгяи МкМя йсгдА ДмФ200 цАщ ЦзАЦи сзФоМи ║ЕА ДмД жЦД огфяи гЕйЦгЦ Фргяи гАйзАМ┘",,,,,,,,,,,,,,,,,,,
447,1,"RT @SaudiTeachers: гЕйЦгЦ Фргяи гАйзАМЦ хмЦАи чМгои гАЦяци ААсМгяи МкМя йсгдА ДмФ200 цАщ ЦзАЦи сзФоМи ║ЕА ДмД жЦД огфяи гЕйЦгЦ Фргяи гАйзАМ┘",,,,,,,,,,,,,,,,,,,
448,0,"RT @Almadinanews: #гАЦяФя: гАДсга гАмгуАгй зАЛ яну чМгои ЦД гАоФА гАнАМлМи МЦъДЕД гсйхогАЕг хяну сзФоМи ЦЦгкАи.

#чМгои_гАЦяци #чМгоЕ_гАЦяц┘",,,,,,,,,,,,,,,,,,,
449,0,"RT @Almadinanews: #гАЦяФя: гАДсга гАмгуАгй зАЛ яну чМгои ЦД гАоФА гАнАМлМи МЦъДЕД гсйхогАЕг хяну сзФоМи ЦЦгкАи.

#чМгои_гАЦяци #чМгоЕ_гАЦяц┘",,,,,,,,,,,,,,,,,,,
450,1,"RT @SaudiTeachers: гЕйЦгЦ Фргяи гАйзАМЦ хмЦАи чМгои гАЦяци ААсМгяи МкМя йсгдА ДмФ200 цАщ ЦзАЦи сзФоМи ║ЕА ДмД жЦД огфяи гЕйЦгЦ Фргяи гАйзАМ┘",,,,,,,,,,,,,,,,,,,
451,1,"RT @SaudiTeachers: гЕйЦгЦ Фргяи гАйзАМЦ хмЦАи чМгои гАЦяци ААсМгяи МкМя йсгдА ДмФ200 цАщ ЦзАЦи сзФоМи ║ЕА ДмД жЦД огфяи гЕйЦгЦ Фргяи гАйзАМ┘",,,,,,,,,,,,,,,,,,,
452,1,"RT @SaudiTeachers: гЕйЦгЦ Фргяи гАйзАМЦ хмЦАи чМгои гАЦяци ААсМгяи МкМя йсгдА ДмФ200 цАщ ЦзАЦи сзФоМи ║ЕА ДмД жЦД огфяи гЕйЦгЦ Фргяи гАйзАМ┘",,,,,,,,,,,,,,,,,,,
453,1,"RT @SaudiTeachers: гЕйЦгЦ Фргяи гАйзАМЦ хмЦАи чМгои гАЦяци ААсМгяи МкМя йсгдА ДмФ200 цАщ ЦзАЦи сзФоМи ║ЕА ДмД жЦД огфяи гЕйЦгЦ Фргяи гАйзАМ┘",,,,,,,,,,,,,,,,,,,
454,1,"RT @SaudiTeachers: гЕйЦгЦ Фргяи гАйзАМЦ хмЦАи чМгои гАЦяци ААсМгяи МкМя йсгдА ДмФ200 цАщ ЦзАЦи сзФоМи ║ЕА ДмД жЦД огфяи гЕйЦгЦ Фргяи гАйзАМ┘",,,,,,,,,,,,,,,,,,,
455,1,"RT @SaudiTeachers: гЕйЦгЦ Фргяи гАйзАМЦ хмЦАи чМгои гАЦяци ААсМгяи МкМя йсгдА ДмФ200 цАщ ЦзАЦи сзФоМи ║ЕА ДмД жЦД огфяи гЕйЦгЦ Фргяи гАйзАМ┘",,,,,,,,,,,,,,,,,,,
456,1,"RT @SaudiTeachers: гЕйЦгЦ Фргяи гАйзАМЦ хмЦАи чМгои гАЦяци ААсМгяи МкМя йсгдА ДмФ200 цАщ ЦзАЦи сзФоМи ║ЕА ДмД жЦД огфяи гЕйЦгЦ Фргяи гАйзАМ┘",,,,,,,,,,,,,,,,,,,
457,1,"RT @SaudiTeachers: гЕйЦгЦ Фргяи гАйзАМЦ хмЦАи чМгои гАЦяци ААсМгяи МкМя йсгдА ДмФ200 цАщ ЦзАЦи сзФоМи ║ЕА ДмД жЦД огфяи гЕйЦгЦ Фргяи гАйзАМ┘",,,,,,,,,,,,,,,,,,,
458,1,"RT @SaudiTeachers: гЕйЦгЦ Фргяи гАйзАМЦ хмЦАи чМгои гАЦяци ААсМгяи МкМя йсгдА ДмФ200 цАщ ЦзАЦи сзФоМи ║ЕА ДмД жЦД огфяи гЕйЦгЦ Фргяи гАйзАМ┘",,,,,,,,,,,,,,,,,,,
459,1,"RT @SaudiTeachers: гЕйЦгЦ Фргяи гАйзАМЦ хмЦАи чМгои гАЦяци ААсМгяи МкМя йсгдА ДмФ200 цАщ ЦзАЦи сзФоМи ║ЕА ДмД жЦД огфяи гЕйЦгЦ Фргяи гАйзАМ┘",,,,,,,,,,,,,,,,,,,
460,1,"RT @SaudiTeachers: гЕйЦгЦ Фргяи гАйзАМЦ хмЦАи чМгои гАЦяци ААсМгяи МкМя йсгдА ДмФ200 цАщ ЦзАЦи сзФоМи ║ЕА ДмД жЦД огфяи гЕйЦгЦ Фргяи гАйзАМ┘",,,,,,,,,,,,,,,,,,,
461,1,"RT @SaudiTeachers: гЕйЦгЦ Фргяи гАйзАМЦ хмЦАи чМгои гАЦяци ААсМгяи МкМя йсгдА ДмФ200 цАщ ЦзАЦи сзФоМи ║ЕА ДмД жЦД огфяи гЕйЦгЦ Фргяи гАйзАМ┘",,,,,,,,,,,,,,,,,,,
462,1,"RT @SaudiTeachers: гЕйЦгЦ Фргяи гАйзАМЦ хмЦАи чМгои гАЦяци ААсМгяи МкМя йсгдА ДмФ200 цАщ ЦзАЦи сзФоМи ║ЕА ДмД жЦД огфяи гЕйЦгЦ Фргяи гАйзАМ┘",,,,,,,,,,,,,,,,,,,
463,1,"RT @SaudiTeachers: гЕйЦгЦ Фргяи гАйзАМЦ хмЦАи чМгои гАЦяци ААсМгяи МкМя йсгдА ДмФ200 цАщ ЦзАЦи сзФоМи ║ЕА ДмД жЦД огфяи гЕйЦгЦ Фргяи гАйзАМ┘",,,,,,,,,,,,,,,,,,,
464,1,"RT @SaudiTeachers: гЕйЦгЦ Фргяи гАйзАМЦ хмЦАи чМгои гАЦяци ААсМгяи МкМя йсгдА ДмФ200 цАщ ЦзАЦи сзФоМи ║ЕА ДмД жЦД огфяи гЕйЦгЦ Фргяи гАйзАМ┘",,,,,,,,,,,,,,,,,,,
465,1,"RT @SaudiTeachers: гЕйЦгЦ Фргяи гАйзАМЦ хмЦАи чМгои гАЦяци ААсМгяи МкМя йсгдА ДмФ200 цАщ ЦзАЦи сзФоМи ║ЕА ДмД жЦД огфяи гЕйЦгЦ Фргяи гАйзАМ┘",,,,,,,,,,,,,,,,,,,
466,1,"RT @SaudiTeachers: гЕйЦгЦ Фргяи гАйзАМЦ хмЦАи чМгои гАЦяци ААсМгяи МкМя йсгдА ДмФ200 цАщ ЦзАЦи сзФоМи ║ЕА ДмД жЦД огфяи гЕйЦгЦ Фргяи гАйзАМ┘",,,,,,,,,,,,,,,,,,,
467,1,"RT @SaudiTeachers: гЕйЦгЦ Фргяи гАйзАМЦ хмЦАи чМгои гАЦяци ААсМгяи МкМя йсгдА ДмФ200 цАщ ЦзАЦи сзФоМи ║ЕА ДмД жЦД огфяи гЕйЦгЦ Фргяи гАйзАМ┘",,,,,,,,,,,,,,,,,,,
468,1,"RT @SaudiTeachers: гЕйЦгЦ Фргяи гАйзАМЦ хмЦАи чМгои гАЦяци ААсМгяи МкМя йсгдА ДмФ200 цАщ ЦзАЦи сзФоМи ║ЕА ДмД жЦД огфяи гЕйЦгЦ Фргяи гАйзАМ┘",,,,,,,,,,,,,,,,,,,
469,0,"RT @Almadinanews: #гАЦяФя: гАДсга гАмгуАгй зАЛ яну чМгои ЦД гАоФА гАнАМлМи МЦъДЕД гсйхогАЕг хяну сзФоМи ЦЦгкАи.

#чМгои_гАЦяци #чМгоЕ_гАЦяц┘",,,,,,,,,,,,,,,,,,,
470,1,"RT @SaudiTeachers: гЕйЦгЦ Фргяи гАйзАМЦ хмЦАи чМгои гАЦяци ААсМгяи МкМя йсгдА ДмФ200 цАщ ЦзАЦи сзФоМи ║ЕА ДмД жЦД огфяи гЕйЦгЦ Фргяи гАйзАМ┘",,,,,,,,,,,,,,,,,,,
471,1,"RT @SaudiTeachers: гЕйЦгЦ Фргяи гАйзАМЦ хмЦАи чМгои гАЦяци ААсМгяи МкМя йсгдА ДмФ200 цАщ ЦзАЦи сзФоМи ║ЕА ДмД жЦД огфяи гЕйЦгЦ Фргяи гАйзАМ┘",,,,,,,,,,,,,,,,,,,
472,0,"#гАЦяФя: гАДсга гАмгуАгй зАЛ яну чМгои ЦД гАоФА гАнАМлМи МЦъДЕД гсйхогАЕг хяну сзФоМи ЦЦгкАи.

#чМгои_гАЦяци #чМгоЕ_гАЦяцЕ_ААсМгяЕ #гАсзФоМи",,,,,,,,,,,,,,,,,,,
473,1,"RT @SaudiTeachers: гЕйЦгЦ Фргяи гАйзАМЦ хмЦАи чМгои гАЦяци ААсМгяи МкМя йсгдА ДмФ200 цАщ ЦзАЦи сзФоМи ║ЕА ДмД жЦД огфяи гЕйЦгЦ Фргяи гАйзАМ┘",,,,,,,,,,,,,,,,,,,
474,1,"RT @SaudiTeachers: гЕйЦгЦ Фргяи гАйзАМЦ хмЦАи чМгои гАЦяци ААсМгяи МкМя йсгдА ДмФ200 цАщ ЦзАЦи сзФоМи ║ЕА ДмД жЦД огфяи гЕйЦгЦ Фргяи гАйзАМ┘",,,,,,,,,,,,,,,,,,,
475,1,"RT @SaudiTeachers: гЕйЦгЦ Фргяи гАйзАМЦ хмЦАи чМгои гАЦяци ААсМгяи МкМя йсгдА ДмФ200 цАщ ЦзАЦи сзФоМи ║ЕА ДмД жЦД огфяи гЕйЦгЦ Фргяи гАйзАМ┘",,,,,,,,,,,,,,,,,,,
476,1,"RT @SaudiTeachers: гЕйЦгЦ Фргяи гАйзАМЦ хмЦАи чМгои гАЦяци ААсМгяи МкМя йсгдА ДмФ200 цАщ ЦзАЦи сзФоМи ║ЕА ДмД жЦД огфяи гЕйЦгЦ Фргяи гАйзАМ┘",,,,,,,,,,,,,,,,,,,
477,1,"RT @SaudiTeachers: гЕйЦгЦ Фргяи гАйзАМЦ хмЦАи чМгои гАЦяци ААсМгяи МкМя йсгдА ДмФ200 цАщ ЦзАЦи сзФоМи ║ЕА ДмД жЦД огфяи гЕйЦгЦ Фргяи гАйзАМ┘",,,,,,,,,,,,,,,,,,,
478,1,"RT @SaudiTeachers: гЕйЦгЦ Фргяи гАйзАМЦ хмЦАи чМгои гАЦяци ААсМгяи МкМя йсгдА ДмФ200 цАщ ЦзАЦи сзФоМи ║ЕА ДмД жЦД огфяи гЕйЦгЦ Фргяи гАйзАМ┘",,,,,,,,,,,,,,,,,,,
479,1,"гЕйЦгЦ Фргяи гАйзАМЦ хмЦАи чМгои гАЦяци ААсМгяи МкМя йсгдА ДмФ200 цАщ ЦзАЦи сзФоМи ║ЕА ДмД жЦД огфяи гЕйЦгЦ Фргяи г┘ https://t.co/VPuliS6S8T",,,,,,,,,,,,,,,,,,,
480,0,#чМгои_гАЦяги_гАсзФоМи 3-ъЦ ЦД еЦяги сзФоМи йзЦА сФга щМ цЦгъД ФргяМи цФ щМ ЦДрА ФйзМА гАрФл Ф ЕФ Аг МзЦА ФйцйМ йЦД┘ https://t.co/U0tckoAQ4l,,,,,,,,,,,,,,,,,,,
481,0,"RT @office_Adab: #згогй_Млх_гД_йрФА
#зФоЕ_ЦъгАЦгй_гАФгйс_гх
#АгДМ_сзФоМЕ_Цг_гчоя
#чМгоЕ_гАЦягЕ
#мМгйъ33
#гАуМД

чьз чАхМ сгзоФЕ<ed><U+00A0><U+00BD><ed><U+00B2><U+0094><ed><U+00A0><U+00BD><ed><U+00B8><U+00AD><ed><U+00A0><U+00BD><ed><U+00B8><U+00AD><ed><U+00A0><U+00BD><ed><U+00B8><U+00AD>

 https┘",,,,,,,,,,,,,,,,,,,
482,0,"RT @HBuyabes: цФгЦя ЦАъМи щМ сзФоМи
<U+25AA><U+FE0F>гАЦзйяжФД:ЦшяоФг гАъФМй
оФя сМДЦг щМ сзФоМи
<U+25AA><U+FE0F>гАЦзйяжФД:ЦшяоФг гАъФМй
чМгои гАЦяци щМ гАсзФоМи
<U+25AA><U+FE0F>гАЦз┘",,,,,,,,,,,,,,,,,,,
483,0,"RT @HBuyabes: цФгЦя ЦАъМи щМ сзФоМи
<U+25AA><U+FE0F>гАЦзйяжФД:ЦшяоФг гАъФМй
оФя сМДЦг щМ сзФоМи
<U+25AA><U+FE0F>гАЦзйяжФД:ЦшяоФг гАъФМй
чМгои гАЦяци щМ гАсзФоМи
<U+25AA><U+FE0F>гАЦз┘",,,,,,,,,,,,,,,,,,,
484,0,"RT @HBuyabes: цФгЦя ЦАъМи щМ сзФоМи
<U+25AA><U+FE0F>гАЦзйяжФД:ЦшяоФг гАъФМй
оФя сМДЦг щМ сзФоМи
<U+25AA><U+FE0F>гАЦзйяжФД:ЦшяоФг гАъФМй
чМгои гАЦяци щМ гАсзФоМи
<U+25AA><U+FE0F>гАЦз┘",,,,,,,,,,,,,,,,,,,
485,1,"ЦрзФл ЦД #чМгои_гАЦяци© еАМъ гАщФгфо ЦД ФягаЕг яхЦг АЦ йщъя хЕг ЦД чхА
#чМгои_гАсМгяи #сМгягй #гАЦяци #щФгфо┘ https://t.co/VyUWcCePeN",,,,,,,,,,,,,,,,,,,
486,0,"RT @HBuyabes: цФгЦя ЦАъМи щМ сзФоМи
<U+25AA><U+FE0F>гАЦзйяжФД:ЦшяоФг гАъФМй
оФя сМДЦг щМ сзФоМи
<U+25AA><U+FE0F>гАЦзйяжФД:ЦшяоФг гАъФМй
чМгои гАЦяци щМ гАсзФоМи
<U+25AA><U+FE0F>гАЦз┘",,,,,,,,,,,,,,,,,,,
487,0,"RT @HBuyabes: цФгЦя ЦАъМи щМ сзФоМи
<U+25AA><U+FE0F>гАЦзйяжФД:ЦшяоФг гАъФМй
оФя сМДЦг щМ сзФоМи
<U+25AA><U+FE0F>гАЦзйяжФД:ЦшяоФг гАъФМй
чМгои гАЦяци щМ гАсзФоМи
<U+25AA><U+FE0F>гАЦз┘",,,,,,,,,,,,,,,,,,,
488,0,"RT @HBuyabes: цФгЦя ЦАъМи щМ сзФоМи
<U+25AA><U+FE0F>гАЦзйяжФД:ЦшяоФг гАъФМй
оФя сМДЦг щМ сзФоМи
<U+25AA><U+FE0F>гАЦзйяжФД:ЦшяоФг гАъФМй
чМгои гАЦяци щМ гАсзФоМи
<U+25AA><U+FE0F>гАЦз┘",,,,,,,,,,,,,,,,,,,
489,0,"RT @HBuyabes: цФгЦя ЦАъМи щМ сзФоМи
<U+25AA><U+FE0F>гАЦзйяжФД:ЦшяоФг гАъФМй
оФя сМДЦг щМ сзФоМи
<U+25AA><U+FE0F>гАЦзйяжФД:ЦшяоФг гАъФМй
чМгои гАЦяци щМ гАсзФоМи
<U+25AA><U+FE0F>гАЦз┘",,,,,,,,,,,,,,,,,,,
490,0,"RT @HBuyabes: цФгЦя ЦАъМи щМ сзФоМи
<U+25AA><U+FE0F>гАЦзйяжФД:ЦшяоФг гАъФМй
оФя сМДЦг щМ сзФоМи
<U+25AA><U+FE0F>гАЦзйяжФД:ЦшяоФг гАъФМй
чМгои гАЦяци щМ гАсзФоМи
<U+25AA><U+FE0F>гАЦз┘",,,,,,,,,,,,,,,,,,,
491,0,"RT @HBuyabes: цФгЦя ЦАъМи щМ сзФоМи
<U+25AA><U+FE0F>гАЦзйяжФД:ЦшяоФг гАъФМй
оФя сМДЦг щМ сзФоМи
<U+25AA><U+FE0F>гАЦзйяжФД:ЦшяоФг гАъФМй
чМгои гАЦяци щМ гАсзФоМи
<U+25AA><U+FE0F>гАЦз┘",,,,,,,,,,,,,,,,,,,
492,0,"RT @HBuyabes: цФгЦя ЦАъМи щМ сзФоМи
<U+25AA><U+FE0F>гАЦзйяжФД:ЦшяоФг гАъФМй
оФя сМДЦг щМ сзФоМи
<U+25AA><U+FE0F>гАЦзйяжФД:ЦшяоФг гАъФМй
чМгои гАЦяци щМ гАсзФоМи
<U+25AA><U+FE0F>гАЦз┘",,,,,,,,,,,,,,,,,,,
493,0,"RT @aldiyaronline: ""цягЦъФ"": 10 ЦАгММД сзФоМи ФЦчМЦи ЦсЦФм АЕД хчМгои гАЦяъхгй
https://t.co/9DQf52U0th

#гАсзФоМи
#гАЦнгАщгй_гАЦяФяМи 
#чМг┘",,,,,,,,,,,,,,,,,,,
494,0,"RT @Dr_Ahood_Alshmr: #яФхФй_хлДсМи_сзФоМи
кЦ
#чМгои_гАЦяги_гАсзФоМи 
кЦ
#ЕМфи_гАйящМи
кЦ
#гАсМДЦг_щМ_гАсзФоМи 
кЦ
#жяМхи_гАчМЦи_гАЦжгщи 
ъг┘",,,,,,,,,,,,,,,,,,,
495,0,"#яФхФй_хлДсМи_сзФоМи
кЦ
#чМгои_гАЦяги_гАсзФоМи 
кЦ
#ЕМфи_гАйящМи
кЦ
#гАсМДЦг_щМ_гАсзФоМи 
кЦ
#жяМхи_гАчМЦи_гАЦжгщи┘ https://t.co/PKui2CMVqE",,,,,,,,,,,,,,,,,,,
496,0,"RT @HBuyabes: цФгЦя ЦАъМи щМ сзФоМи
<U+25AA><U+FE0F>гАЦзйяжФД:ЦшяоФг гАъФМй
оФя сМДЦг щМ сзФоМи
<U+25AA><U+FE0F>гАЦзйяжФД:ЦшяоФг гАъФМй
чМгои гАЦяци щМ гАсзФоМи
<U+25AA><U+FE0F>гАЦз┘",,,,,,,,,,,,,,,,,,,
497,0,"RT @HBuyabes: цФгЦя ЦАъМи щМ сзФоМи
<U+25AA><U+FE0F>гАЦзйяжФД:ЦшяоФг гАъФМй
оФя сМДЦг щМ сзФоМи
<U+25AA><U+FE0F>гАЦзйяжФД:ЦшяоФг гАъФМй
чМгои гАЦяци щМ гАсзФоМи
<U+25AA><U+FE0F>гАЦз┘",,,,,,,,,,,,,,,,,,,
498,0,"RT @HBuyabes: цФгЦя ЦАъМи щМ сзФоМи
<U+25AA><U+FE0F>гАЦзйяжФД:ЦшяоФг гАъФМй
оФя сМДЦг щМ сзФоМи
<U+25AA><U+FE0F>гАЦзйяжФД:ЦшяоФг гАъФМй
чМгои гАЦяци щМ гАсзФоМи
<U+25AA><U+FE0F>гАЦз┘",,,,,,,,,,,,,,,,,,,
499,0,"RT @HBuyabes: цФгЦя ЦАъМи щМ сзФоМи
<U+25AA><U+FE0F>гАЦзйяжФД:ЦшяоФг гАъФМй
оФя сМДЦг щМ сзФоМи
<U+25AA><U+FE0F>гАЦзйяжФД:ЦшяоФг гАъФМй
чМгои гАЦяци щМ гАсзФоМи
<U+25AA><U+FE0F>гАЦз┘",,,,,,,,,,,,,,,,,,,
500,0,"RT @HBuyabes: цФгЦя ЦАъМи щМ сзФоМи
<U+25AA><U+FE0F>гАЦзйяжФД:ЦшяоФг гАъФМй
оФя сМДЦг щМ сзФоМи
<U+25AA><U+FE0F>гАЦзйяжФД:ЦшяоФг гАъФМй
чМгои гАЦяци щМ гАсзФоМи
<U+25AA><U+FE0F>гАЦз┘",,,,,,,,,,,,,,,,,,,
501,0,"RT @aldiyaronline: ""цягЦъФ"": 10 ЦАгММД сзФоМи ФЦчМЦи ЦсЦФм АЕД хчМгои гАЦяъхгй
https://t.co/9DQf52U0th

#гАсзФоМи
#гАЦнгАщгй_гАЦяФяМи 
#чМг┘",,,,,,,,,,,,,,,,,,,
502,0,"RT @aldiyaronline: ""цягЦъФ"": 10 ЦАгММД сзФоМи ФЦчМЦи ЦсЦФм АЕД хчМгои гАЦяъхгй
https://t.co/9DQf52U0th

#гАсзФоМи
#гАЦнгАщгй_гАЦяФяМи 
#чМг┘",,,,,,,,,,,,,,,,,,,
503,0,"RT @aldiyaronline: ""цягЦъФ"": 10 ЦАгММД сзФоМи ФЦчМЦи ЦсЦФм АЕД хчМгои гАЦяъхгй
https://t.co/9DQf52U0th

#гАсзФоМи
#гАЦнгАщгй_гАЦяФяМи 
#чМг┘",,,,,,,,,,,,,,,,,,,
504,0,"RT @aldiyaronline: ""цягЦъФ"": 10 ЦАгММД сзФоМи ФЦчМЦи ЦсЦФм АЕД хчМгои гАЦяъхгй
https://t.co/9DQf52U0th

#гАсзФоМи
#гАЦнгАщгй_гАЦяФяМи 
#чМг┘",,,,,,,,,,,,,,,,,,,
505,0,"RT @aldiyaronline: ""цягЦъФ"": 10 ЦАгММД сзФоМи ФЦчМЦи ЦсЦФм АЕД хчМгои гАЦяъхгй
https://t.co/9DQf52U0th

#гАсзФоМи
#гАЦнгАщгй_гАЦяФяМи 
#чМг┘",,,,,,,,,,,,,,,,,,,
506,0,"RT @aldiyaronline: ""цягЦъФ"": 10 ЦАгММД сзФоМи ФЦчМЦи ЦсЦФм АЕД хчМгои гАЦяъхгй
https://t.co/9DQf52U0th

#гАсзФоМи
#гАЦнгАщгй_гАЦяФяМи 
#чМг┘",,,,,,,,,,,,,,,,,,,
507,0,"RT @aldiyaronline: ""цягЦъФ"": 10 ЦАгММД сзФоМи ФЦчМЦи ЦсЦФм АЕД хчМгои гАЦяъхгй
https://t.co/9DQf52U0th

#гАсзФоМи
#гАЦнгАщгй_гАЦяФяМи 
#чМг┘",,,,,,,,,,,,,,,,,,,
508,0,"RT @aldiyaronline: ""цягЦъФ"": 10 ЦАгММД сзФоМи ФЦчМЦи ЦсЦФм АЕД хчМгои гАЦяъхгй
https://t.co/9DQf52U0th

#гАсзФоМи
#гАЦнгАщгй_гАЦяФяМи 
#чМг┘",,,,,,,,,,,,,,,,,,,
509,0,"RT @aldiyaronline: ""цягЦъФ"": 10 ЦАгММД сзФоМи ФЦчМЦи ЦсЦФм АЕД хчМгои гАЦяъхгй
https://t.co/9DQf52U0th

#гАсзФоМи
#гАЦнгАщгй_гАЦяФяМи 
#чМг┘",,,,,,,,,,,,,,,,,,,
510,0,"""цягЦъФ"": 10 ЦАгММД сзФоМи ФЦчМЦи ЦсЦФм АЕД хчМгои гАЦяъхгй
https://t.co/9DQf52U0th

#гАсзФоМи
#гАЦнгАщгй_гАЦяФяМи┘ https://t.co/JnuIqvjPyR",,,,,,,,,,,,,,,,,,,
511,0,"RT @HBuyabes: цФгЦя ЦАъМи щМ сзФоМи
<U+25AA><U+FE0F>гАЦзйяжФД:ЦшяоФг гАъФМй
оФя сМДЦг щМ сзФоМи
<U+25AA><U+FE0F>гАЦзйяжФД:ЦшяоФг гАъФМй
чМгои гАЦяци щМ гАсзФоМи
<U+25AA><U+FE0F>гАЦз┘",,,,,,,,,,,,,,,,,,,
512,0,"RT @alhayat_ksa: ╚#цягЦъФ╩: 10 ЦАгММД сзФоМи ФЦчМЦи ЦсЦФм АЕД хчМгои гАЦяъхгй
https://t.co/enkgyTiRYf
#гАсзФоМи 
#чМгои_гАЦяци_гАсМгяи http┘",,,,,,,,,,,,,,,,,,,
513,0,"RT @HBuyabes: цФгЦя ЦАъМи щМ сзФоМи
<U+25AA><U+FE0F>гАЦзйяжФД:ЦшяоФг гАъФМй
оФя сМДЦг щМ сзФоМи
<U+25AA><U+FE0F>гАЦзйяжФД:ЦшяоФг гАъФМй
чМгои гАЦяци щМ гАсзФоМи
<U+25AA><U+FE0F>гАЦз┘",,,,,,,,,,,,,,,,,,,
514,0,"RT @HBuyabes: цФгЦя ЦАъМи щМ сзФоМи
<U+25AA><U+FE0F>гАЦзйяжФД:ЦшяоФг гАъФМй
оФя сМДЦг щМ сзФоМи
<U+25AA><U+FE0F>гАЦзйяжФД:ЦшяоФг гАъФМй
чМгои гАЦяци щМ гАсзФоМи
<U+25AA><U+FE0F>гАЦз┘",,,,,,,,,,,,,,,,,,,
515,0,"RT @alhayat_ksa: ╚#цягЦъФ╩: 10 ЦАгММД сзФоМи ФЦчМЦи ЦсЦФм АЕД хчМгои гАЦяъхгй
https://t.co/enkgyTiRYf
#гАсзФоМи 
#чМгои_гАЦяци_гАсМгяи http┘",,,,,,,,,,,,,,,,,,,
516,0,"RT @alhayat_ksa: ╚#цягЦъФ╩: 10 ЦАгММД сзФоМи ФЦчМЦи ЦсЦФм АЕД хчМгои гАЦяъхгй
https://t.co/enkgyTiRYf
#гАсзФоМи 
#чМгои_гАЦяци_гАсМгяи http┘",,,,,,,,,,,,,,,,,,,
517,0,гАмМги гАсзФоМи/ ╚#цягЦъФ╩: 10 ЦАгММД сзФоМи ФЦчМЦи ЦсЦФм АЕД хчМгои гАЦяъхгй #гАсзФоМи #чМгои_гАЦяци_гАсМгяи  - зх┘ https://t.co/TePtoMRaY5,,,,,,,,,,,,,,,,,,,
518,0,"RT @HBuyabes: цФгЦя ЦАъМи щМ сзФоМи
<U+25AA><U+FE0F>гАЦзйяжФД:ЦшяоФг гАъФМй
оФя сМДЦг щМ сзФоМи
<U+25AA><U+FE0F>гАЦзйяжФД:ЦшяоФг гАъФМй
чМгои гАЦяци щМ гАсзФоМи
<U+25AA><U+FE0F>гАЦз┘",,,,,,,,,,,,,,,,,,,
519,0,"RT @alhayat_ksa: ╚#цягЦъФ╩: 10 ЦАгММД сзФоМи ФЦчМЦи ЦсЦФм АЕД хчМгои гАЦяъхгй
https://t.co/enkgyTiRYf
#гАсзФоМи 
#чМгои_гАЦяци_гАсМгяи http┘",,,,,,,,,,,,,,,,,,,
520,0,"RT @alhayat_ksa: ╚#цягЦъФ╩: 10 ЦАгММД сзФоМи ФЦчМЦи ЦсЦФм АЕД хчМгои гАЦяъхгй
https://t.co/enkgyTiRYf
#гАсзФоМи 
#чМгои_гАЦяци_гАсМгяи http┘",,,,,,,,,,,,,,,,,,,
521,0,"RT @alhayat_ksa: ╚#цягЦъФ╩: 10 ЦАгММД сзФоМи ФЦчМЦи ЦсЦФм АЕД хчМгои гАЦяъхгй
https://t.co/enkgyTiRYf
#гАсзФоМи 
#чМгои_гАЦяци_гАсМгяи http┘",,,,,,,,,,,,,,,,,,,
522,0,"RT @alhayat_ksa: ╚#цягЦъФ╩: 10 ЦАгММД сзФоМи ФЦчМЦи ЦсЦФм АЕД хчМгои гАЦяъхгй
https://t.co/enkgyTiRYf
#гАсзФоМи 
#чМгои_гАЦяци_гАсМгяи http┘",,,,,,,,,,,,,,,,,,,
523,0,"RT @alhayat_ksa: ╚#цягЦъФ╩: 10 ЦАгММД сзФоМи ФЦчМЦи ЦсЦФм АЕД хчМгои гАЦяъхгй
https://t.co/enkgyTiRYf
#гАсзФоМи 
#чМгои_гАЦяци_гАсМгяи http┘",,,,,,,,,,,,,,,,,,,
524,0,"RT @alhayat_ksa: ╚#цягЦъФ╩: 10 ЦАгММД сзФоМи ФЦчМЦи ЦсЦФм АЕД хчМгои гАЦяъхгй
https://t.co/enkgyTiRYf
#гАсзФоМи 
#чМгои_гАЦяци_гАсМгяи http┘",,,,,,,,,,,,,,,,,,,
525,0,"╚#цягЦъФ╩: 10 ЦАгММД сзФоМи ФЦчМЦи ЦсЦФм АЕД хчМгои гАЦяъхгй
https://t.co/enkgyTiRYf
#гАсзФоМи┘ https://t.co/WiQuhHOZjQ",,,,,,,,,,,,,,,,,,,
526,0,"#гАсМДЦг_щМ_гАсзФоМЕ
АъА гАзях гААМ ъгДФг МтЦйФД щМДг ФМчФАФД ЦгзДоъЦ 
-чМгои гАЦяци
-сМДЦг
-онФА гАЦяци ААЦАгзх
-Ц┘ https://t.co/9OTrYuCjJk",,,,,,,,,,,,,,,,,,,
527,0,"RT @HBuyabes: цФгЦя ЦАъМи щМ сзФоМи
<U+25AA><U+FE0F>гАЦзйяжФД:ЦшяоФг гАъФМй
оФя сМДЦг щМ сзФоМи
<U+25AA><U+FE0F>гАЦзйяжФД:ЦшяоФг гАъФМй
чМгои гАЦяци щМ гАсзФоМи
<U+25AA><U+FE0F>гАЦз┘",,,,,,,,,,,,,,,,,,,
528,0,"RT @HBuyabes: цФгЦя ЦАъМи щМ сзФоМи
<U+25AA><U+FE0F>гАЦзйяжФД:ЦшяоФг гАъФМй
оФя сМДЦг щМ сзФоМи
<U+25AA><U+FE0F>гАЦзйяжФД:ЦшяоФг гАъФМй
чМгои гАЦяци щМ гАсзФоМи
<U+25AA><U+FE0F>гАЦз┘",,,,,,,,,,,,,,,,,,,
529,0,"RT @HBuyabes: цФгЦя ЦАъМи щМ сзФоМи
<U+25AA><U+FE0F>гАЦзйяжФД:ЦшяоФг гАъФМй
оФя сМДЦг щМ сзФоМи
<U+25AA><U+FE0F>гАЦзйяжФД:ЦшяоФг гАъФМй
чМгои гАЦяци щМ гАсзФоМи
<U+25AA><U+FE0F>гАЦз┘",,,,,,,,,,,,,,,,,,,
530,0,"RT @HBuyabes: цФгЦя ЦАъМи щМ сзФоМи
<U+25AA><U+FE0F>гАЦзйяжФД:ЦшяоФг гАъФМй
оФя сМДЦг щМ сзФоМи
<U+25AA><U+FE0F>гАЦзйяжФД:ЦшяоФг гАъФМй
чМгои гАЦяци щМ гАсзФоМи
<U+25AA><U+FE0F>гАЦз┘",,,,,,,,,,,,,,,,,,,
531,0,"RT @HBuyabes: цФгЦя ЦАъМи щМ сзФоМи
<U+25AA><U+FE0F>гАЦзйяжФД:ЦшяоФг гАъФМй
оФя сМДЦг щМ сзФоМи
<U+25AA><U+FE0F>гАЦзйяжФД:ЦшяоФг гАъФМй
чМгои гАЦяци щМ гАсзФоМи
<U+25AA><U+FE0F>гАЦз┘",,,,,,,,,,,,,,,,,,,
532,0,"RT @HBuyabes: цФгЦя ЦАъМи щМ сзФоМи
<U+25AA><U+FE0F>гАЦзйяжФД:ЦшяоФг гАъФМй
оФя сМДЦг щМ сзФоМи
<U+25AA><U+FE0F>гАЦзйяжФД:ЦшяоФг гАъФМй
чМгои гАЦяци щМ гАсзФоМи
<U+25AA><U+FE0F>гАЦз┘",,,,,,,,,,,,,,,,,,,
533,0,"#гАсЦгм_хгАсМДЦг_ясЦМг
АъА гАпМД ъгДФг МтЦйФД щМДг ФМчФАФД ЦгзДоъЦ 
-чМгои гАЦяци
-сМДЦг
-онФА гАЦяци ААЦАгзх
-Цтгя┘ https://t.co/vCsxjWMmpd",,,,,,,,,,,,,,,,,,,
534,0,"@Adhwan гАсМДЦг_щМ_гАсзФоМЕ
АъА гАпМД ъгДФг МтЦйФД щМДг ФМчФАФД ЦгзДоъЦ 
-чМгои гАЦяци
-сМДЦг
-онФА гАЦяци ААЦАгзх┘ https://t.co/ZUZia2q54D",,,,,,,,,,,,,,,,,,,
535,0,"@Aziz_Lj АъА гАпМД ъгДФг МтЦйФД щМДг ФМчФАФД ЦгзДоъЦ 
-чМгои гАЦяци
-сМДЦг
-онФА гАЦяци ААЦАгзх
-ЦтгяМз жнЦи
-йящМи┘ https://t.co/Dat5yeVrkk",,,,,,,,,,,,,,,,,,,
536,0,"RT @HBuyabes: цФгЦя ЦАъМи щМ сзФоМи
<U+25AA><U+FE0F>гАЦзйяжФД:ЦшяоФг гАъФМй
оФя сМДЦг щМ сзФоМи
<U+25AA><U+FE0F>гАЦзйяжФД:ЦшяоФг гАъФМй
чМгои гАЦяци щМ гАсзФоМи
<U+25AA><U+FE0F>гАЦз┘",,,,,,,,,,,,,,,,,,,
537,0,"гАсМДЦг_щМ_гАсзФоМЕ
АъА гАпМД ъгДФг МтЦйФД щМДг ФМчФАФД ЦгзДоъЦ 
-чМгои гАЦяци
-сМДЦг
-онФА гАЦяци ААЦАгзх
-ЦтгяМз┘ https://t.co/YtT5kJMiTt",,,,,,,,,,,,,,,,,,,
538,0,"RT @HBuyabes: цФгЦя ЦАъМи щМ сзФоМи
<U+25AA><U+FE0F>гАЦзйяжФД:ЦшяоФг гАъФМй
оФя сМДЦг щМ сзФоМи
<U+25AA><U+FE0F>гАЦзйяжФД:ЦшяоФг гАъФМй
чМгои гАЦяци щМ гАсзФоМи
<U+25AA><U+FE0F>гАЦз┘",,,,,,,,,,,,,,,,,,,
539,0,"RT @HBuyabes: цФгЦя ЦАъМи щМ сзФоМи
<U+25AA><U+FE0F>гАЦзйяжФД:ЦшяоФг гАъФМй
оФя сМДЦг щМ сзФоМи
<U+25AA><U+FE0F>гАЦзйяжФД:ЦшяоФг гАъФМй
чМгои гАЦяци щМ гАсзФоМи
<U+25AA><U+FE0F>гАЦз┘",,,,,,,,,,,,,,,,,,,
540,0,"RT @HBuyabes: цФгЦя ЦАъМи щМ сзФоМи
<U+25AA><U+FE0F>гАЦзйяжФД:ЦшяоФг гАъФМй
оФя сМДЦг щМ сзФоМи
<U+25AA><U+FE0F>гАЦзйяжФД:ЦшяоФг гАъФМй
чМгои гАЦяци щМ гАсзФоМи
<U+25AA><U+FE0F>гАЦз┘",,,,,,,,,,,,,,,,,,,
541,0,"RT @HBuyabes: цФгЦя ЦАъМи щМ сзФоМи
<U+25AA><U+FE0F>гАЦзйяжФД:ЦшяоФг гАъФМй
оФя сМДЦг щМ сзФоМи
<U+25AA><U+FE0F>гАЦзйяжФД:ЦшяоФг гАъФМй
чМгои гАЦяци щМ гАсзФоМи
<U+25AA><U+FE0F>гАЦз┘",,,,,,,,,,,,,,,,,,,
542,0,"RT @HBuyabes: цФгЦя ЦАъМи щМ сзФоМи
<U+25AA><U+FE0F>гАЦзйяжФД:ЦшяоФг гАъФМй
оФя сМДЦг щМ сзФоМи
<U+25AA><U+FE0F>гАЦзйяжФД:ЦшяоФг гАъФМй
чМгои гАЦяци щМ гАсзФоМи
<U+25AA><U+FE0F>гАЦз┘",,,,,,,,,,,,,,,,,,,
543,0,"RT @HBuyabes: цФгЦя ЦАъМи щМ сзФоМи
<U+25AA><U+FE0F>гАЦзйяжФД:ЦшяоФг гАъФМй
оФя сМДЦг щМ сзФоМи
<U+25AA><U+FE0F>гАЦзйяжФД:ЦшяоФг гАъФМй
чМгои гАЦяци щМ гАсзФоМи
<U+25AA><U+FE0F>гАЦз┘",,,,,,,,,,,,,,,,,,,
544,0,"RT @HBuyabes: цФгЦя ЦАъМи щМ сзФоМи
<U+25AA><U+FE0F>гАЦзйяжФД:ЦшяоФг гАъФМй
оФя сМДЦг щМ сзФоМи
<U+25AA><U+FE0F>гАЦзйяжФД:ЦшяоФг гАъФМй
чМгои гАЦяци щМ гАсзФоМи
<U+25AA><U+FE0F>гАЦз┘",,,,,,,,,,,,,,,,,,,
545,0,"RT @HBuyabes: цФгЦя ЦАъМи щМ сзФоМи
<U+25AA><U+FE0F>гАЦзйяжФД:ЦшяоФг гАъФМй
оФя сМДЦг щМ сзФоМи
<U+25AA><U+FE0F>гАЦзйяжФД:ЦшяоФг гАъФМй
чМгои гАЦяци щМ гАсзФоМи
<U+25AA><U+FE0F>гАЦз┘",,,,,,,,,,,,,,,,,,,
546,0,"RT @HBuyabes: цФгЦя ЦАъМи щМ сзФоМи
<U+25AA><U+FE0F>гАЦзйяжФД:ЦшяоФг гАъФМй
оФя сМДЦг щМ сзФоМи
<U+25AA><U+FE0F>гАЦзйяжФД:ЦшяоФг гАъФМй
чМгои гАЦяци щМ гАсзФоМи
<U+25AA><U+FE0F>гАЦз┘",,,,,,,,,,,,,,,,,,,
547,0,"RT @HBuyabes: цФгЦя ЦАъМи щМ сзФоМи
<U+25AA><U+FE0F>гАЦзйяжФД:ЦшяоФг гАъФМй
оФя сМДЦг щМ сзФоМи
<U+25AA><U+FE0F>гАЦзйяжФД:ЦшяоФг гАъФМй
чМгои гАЦяци щМ гАсзФоМи
<U+25AA><U+FE0F>гАЦз┘",,,,,,,,,,,,,,,,,,,
548,0,RT @Ayood428: #гАсМДЦг_щМ_гАсзФоМЕ чягя ЦйФчз нуФуПг хзо чМгои гАЦяци ААсМгяи ъгДй ЦсцАи Фчй Аг цъкя зЦФЦПг цДг Цз гАсМДЦг АцД мягЦ щМЕ ЦФг┘,,,,,,,,,,,,,,,,,,,
549,0,"RT @HBuyabes: цФгЦя ЦАъМи щМ сзФоМи
<U+25AA><U+FE0F>гАЦзйяжФД:ЦшяоФг гАъФМй
оФя сМДЦг щМ сзФоМи
<U+25AA><U+FE0F>гАЦзйяжФД:ЦшяоФг гАъФМй
чМгои гАЦяци щМ гАсзФоМи
<U+25AA><U+FE0F>гАЦз┘",,,,,,,,,,,,,,,,,,,
550,-1,#гАсМДЦг_щМ_гАсзФоМЕ чягя ЦйФчз нуФуПг хзо чМгои гАЦяци ААсМгяи ъгДй ЦсцАи Фчй Аг цъкя зЦФЦПг цДг Цз гАсМДЦг АцД мя┘ https://t.co/ihMoYBzBck,,,,,,,,,,,,,,,,,,,
551,0,"RT @HBuyabes: цФгЦя ЦАъМи щМ сзФоМи
<U+25AA><U+FE0F>гАЦзйяжФД:ЦшяоФг гАъФМй
оФя сМДЦг щМ сзФоМи
<U+25AA><U+FE0F>гАЦзйяжФД:ЦшяоФг гАъФМй
чМгои гАЦяци щМ гАсзФоМи
<U+25AA><U+FE0F>гАЦз┘",,,,,,,,,,,,,,,,,,,
552,0,"RT @HBuyabes: цФгЦя ЦАъМи щМ сзФоМи
<U+25AA><U+FE0F>гАЦзйяжФД:ЦшяоФг гАъФМй
оФя сМДЦг щМ сзФоМи
<U+25AA><U+FE0F>гАЦзйяжФД:ЦшяоФг гАъФМй
чМгои гАЦяци щМ гАсзФоМи
<U+25AA><U+FE0F>гАЦз┘",,,,,,,,,,,,,,,,,,,
553,0,"RT @HBuyabes: цФгЦя ЦАъМи щМ сзФоМи
<U+25AA><U+FE0F>гАЦзйяжФД:ЦшяоФг гАъФМй
оФя сМДЦг щМ сзФоМи
<U+25AA><U+FE0F>гАЦзйяжФД:ЦшяоФг гАъФМй
чМгои гАЦяци щМ гАсзФоМи
<U+25AA><U+FE0F>гАЦз┘",,,,,,,,,,,,,,,,,,,
554,0,"RT @HBuyabes: цФгЦя ЦАъМи щМ сзФоМи
<U+25AA><U+FE0F>гАЦзйяжФД:ЦшяоФг гАъФМй
оФя сМДЦг щМ сзФоМи
<U+25AA><U+FE0F>гАЦзйяжФД:ЦшяоФг гАъФМй
чМгои гАЦяци щМ гАсзФоМи
<U+25AA><U+FE0F>гАЦз┘",,,,,,,,,,,,,,,,,,,
555,0,"RT @HBuyabes: цФгЦя ЦАъМи щМ сзФоМи
<U+25AA><U+FE0F>гАЦзйяжФД:ЦшяоФг гАъФМй
оФя сМДЦг щМ сзФоМи
<U+25AA><U+FE0F>гАЦзйяжФД:ЦшяоФг гАъФМй
чМгои гАЦяци щМ гАсзФоМи
<U+25AA><U+FE0F>гАЦз┘",,,,,,,,,,,,,,,,,,,
556,0,"RT @HBuyabes: цФгЦя ЦАъМи щМ сзФоМи
<U+25AA><U+FE0F>гАЦзйяжФД:ЦшяоФг гАъФМй
оФя сМДЦг щМ сзФоМи
<U+25AA><U+FE0F>гАЦзйяжФД:ЦшяоФг гАъФМй
чМгои гАЦяци щМ гАсзФоМи
<U+25AA><U+FE0F>гАЦз┘",,,,,,,,,,,,,,,,,,,
557,0,"RT @HBuyabes: цФгЦя ЦАъМи щМ сзФоМи
<U+25AA><U+FE0F>гАЦзйяжФД:ЦшяоФг гАъФМй
оФя сМДЦг щМ сзФоМи
<U+25AA><U+FE0F>гАЦзйяжФД:ЦшяоФг гАъФМй
чМгои гАЦяци щМ гАсзФоМи
<U+25AA><U+FE0F>гАЦз┘",,,,,,,,,,,,,,,,,,,
558,0,"RT @HBuyabes: цФгЦя ЦАъМи щМ сзФоМи
<U+25AA><U+FE0F>гАЦзйяжФД:ЦшяоФг гАъФМй
оФя сМДЦг щМ сзФоМи
<U+25AA><U+FE0F>гАЦзйяжФД:ЦшяоФг гАъФМй
чМгои гАЦяци щМ гАсзФоМи
<U+25AA><U+FE0F>гАЦз┘",,,,,,,,,,,,,,,,,,,
559,0,"RT @HBuyabes: цФгЦя ЦАъМи щМ сзФоМи
<U+25AA><U+FE0F>гАЦзйяжФД:ЦшяоФг гАъФМй
оФя сМДЦг щМ сзФоМи
<U+25AA><U+FE0F>гАЦзйяжФД:ЦшяоФг гАъФМй
чМгои гАЦяци щМ гАсзФоМи
<U+25AA><U+FE0F>гАЦз┘",,,,,,,,,,,,,,,,,,,
560,0,"RT @HBuyabes: цФгЦя ЦАъМи щМ сзФоМи
<U+25AA><U+FE0F>гАЦзйяжФД:ЦшяоФг гАъФМй
оФя сМДЦг щМ сзФоМи
<U+25AA><U+FE0F>гАЦзйяжФД:ЦшяоФг гАъФМй
чМгои гАЦяци щМ гАсзФоМи
<U+25AA><U+FE0F>гАЦз┘",,,,,,,,,,,,,,,,,,,
561,0,"RT @HBuyabes: цФгЦя ЦАъМи щМ сзФоМи
<U+25AA><U+FE0F>гАЦзйяжФД:ЦшяоФг гАъФМй
оФя сМДЦг щМ сзФоМи
<U+25AA><U+FE0F>гАЦзйяжФД:ЦшяоФг гАъФМй
чМгои гАЦяци щМ гАсзФоМи
<U+25AA><U+FE0F>гАЦз┘",,,,,,,,,,,,,,,,,,,
562,0,"RT @HBuyabes: цФгЦя ЦАъМи щМ сзФоМи
<U+25AA><U+FE0F>гАЦзйяжФД:ЦшяоФг гАъФМй
оФя сМДЦг щМ сзФоМи
<U+25AA><U+FE0F>гАЦзйяжФД:ЦшяоФг гАъФМй
чМгои гАЦяци щМ гАсзФоМи
<U+25AA><U+FE0F>гАЦз┘",,,,,,,,,,,,,,,,,,,
563,0,"RT @HBuyabes: цФгЦя ЦАъМи щМ сзФоМи
<U+25AA><U+FE0F>гАЦзйяжФД:ЦшяоФг гАъФМй
оФя сМДЦг щМ сзФоМи
<U+25AA><U+FE0F>гАЦзйяжФД:ЦшяоФг гАъФМй
чМгои гАЦяци щМ гАсзФоМи
<U+25AA><U+FE0F>гАЦз┘",,,,,,,,,,,,,,,,,,,
564,0,"RT @HBuyabes: цФгЦя ЦАъМи щМ сзФоМи
<U+25AA><U+FE0F>гАЦзйяжФД:ЦшяоФг гАъФМй
оФя сМДЦг щМ сзФоМи
<U+25AA><U+FE0F>гАЦзйяжФД:ЦшяоФг гАъФМй
чМгои гАЦяци щМ гАсзФоМи
<U+25AA><U+FE0F>гАЦз┘",,,,,,,,,,,,,,,,,,,
565,0,"RT @HBuyabes: цФгЦя ЦАъМи щМ сзФоМи
<U+25AA><U+FE0F>гАЦзйяжФД:ЦшяоФг гАъФМй
оФя сМДЦг щМ сзФоМи
<U+25AA><U+FE0F>гАЦзйяжФД:ЦшяоФг гАъФМй
чМгои гАЦяци щМ гАсзФоМи
<U+25AA><U+FE0F>гАЦз┘",,,,,,,,,,,,,,,,,,,
566,0,"RT @HBuyabes: цФгЦя ЦАъМи щМ сзФоМи
<U+25AA><U+FE0F>гАЦзйяжФД:ЦшяоФг гАъФМй
оФя сМДЦг щМ сзФоМи
<U+25AA><U+FE0F>гАЦзйяжФД:ЦшяоФг гАъФМй
чМгои гАЦяци щМ гАсзФоМи
<U+25AA><U+FE0F>гАЦз┘",,,,,,,,,,,,,,,,,,,
567,0,"цФгЦя ЦАъМи щМ сзФоМи
<U+25AA><U+FE0F>гАЦзйяжФД:ЦшяоФг гАъФМй
оФя сМДЦг щМ сзФоМи
<U+25AA><U+FE0F>гАЦзйяжФД:ЦшяоФг гАъФМй
чМгои гАЦяци щМ гАсзФ┘ https://t.co/CAEJ9KDxvg",,,,,,,,,,,,,,,,,,,
568,0,"RT @rs777s: гАДсФМгй гАтФгп ФгАЦАмогй ФгАлягягй гйщчФг зАЛ гАбйМ:
гАЦймят ЦйоМД
ягщж чМгои гАЦяцЕ
Цйтоо
сзФоМ гАлДсМЕ
гАлДс ъгЦА ФгАймят Фг┘",,,,,,,,,,,,,,,,,,,
